{
    "accepted": false,
    "base_channel": 0,
    "class_idx": 8,
    "exp-confidence": 0.05795656144618988,
    "force_fp32": false,
    "img_normalize": true,
    "img_scale_db": 0,
    "input_transform": null,
    "iteration-count": 101,
    "l2_distance": 2962.2013037152356,
    "l2_norm": 4520.398400258759,
    "layer_name": null,
    "mixclass_idx": 0,
    "noise_mode": "const",
    "patch_idxs": null,
    "predicted-class": [
        0
    ],
    "predictions": [
        0.9416268467903137,
        1.8376709704170935e-05,
        3.6124445159657625e-06,
        1.6651945315970806e-06,
        1.768153424563934e-06,
        3.8258184531514416e-07,
        7.347133390567251e-08,
        4.0599672956886934e-07,
        0.05795656144618988,
        0.0003901929303538054
    ],
    "random_seed": 0,
    "sel_channels": 3,
    "ssi": -0.21912852742584935,
    "stylemix_idx": [
        3,
        4,
        5,
        6
    ],
    "stylemix_seed": 40575,
    "to_pil": true,
    "trunc_cutoff": 0,
    "trunc_psi": 1,
    "untransform": false,
    "w0_seeds": [
        [
            41,
            1.0
        ]
    ],
    "w_load": null
}