{
    "accepted": false,
    "base_channel": 0,
    "class_idx": 4,
    "exp-confidence": 0.07034799456596375,
    "force_fp32": false,
    "img_normalize": true,
    "img_scale_db": 0,
    "input_transform": null,
    "iteration-count": 101,
    "l2_distance": 3017.7061655928946,
    "l2_norm": 6149.679466027008,
    "layer_name": null,
    "mixclass_idx": 7,
    "noise_mode": "const",
    "patch_idxs": null,
    "predicted-class": [
        7
    ],
    "predictions": [
        0.0007987875724211335,
        0.0002170513616874814,
        0.008531649596989155,
        0.0002593141107354313,
        0.07034799456596375,
        0.005025646183639765,
        3.1667812436353415e-05,
        0.9140711426734924,
        0.00021329111768864095,
        0.0005034328205510974
    ],
    "random_seed": 0,
    "sel_channels": 3,
    "ssi": -0.22788872626866882,
    "stylemix_idx": [
        3,
        4,
        5,
        6
    ],
    "stylemix_seed": 50204,
    "to_pil": true,
    "trunc_cutoff": 0,
    "trunc_psi": 1,
    "untransform": false,
    "w0_seeds": [
        [
            366,
            1.0
        ]
    ],
    "w_load": null
}