{
    "accepted": false,
    "base_channel": 0,
    "class_idx": 4,
    "exp-confidence": 0.3183625042438507,
    "force_fp32": false,
    "img_normalize": true,
    "img_scale_db": 0,
    "input_transform": null,
    "iteration-count": 6,
    "l2_distance": 233.78684266237053,
    "l2_norm": 2924.6763036762773,
    "layer_name": null,
    "mixclass_idx": 7,
    "noise_mode": "const",
    "patch_idxs": null,
    "predicted-class": [
        7
    ],
    "predictions": [
        1.7168420640700788e-07,
        6.032475994288689e-07,
        6.14243117524893e-06,
        4.014219030068489e-06,
        0.3183625042438507,
        4.054654709761962e-05,
        1.9262931800767547e-06,
        0.6815831661224365,
        2.903027791489876e-07,
        6.066919695513207e-07
    ],
    "random_seed": 0,
    "sel_channels": 3,
    "ssi": 0.9820460014143931,
    "stylemix_idx": [
        7
    ],
    "stylemix_seed": 40664,
    "to_pil": true,
    "trunc_cutoff": 0,
    "trunc_psi": 1,
    "untransform": false,
    "w0_seeds": [
        [
            159,
            1.0
        ]
    ],
    "w_load": null
}