{
    "accepted": false,
    "base_channel": 0,
    "class_idx": 3,
    "exp-confidence": 0.08704366534948349,
    "force_fp32": false,
    "img_normalize": true,
    "img_scale_db": 0,
    "input_transform": null,
    "iteration-count": 101,
    "l2_distance": 4255.884040315695,
    "l2_norm": 5019.037762330337,
    "layer_name": null,
    "mixclass_idx": 7,
    "noise_mode": "const",
    "patch_idxs": null,
    "predicted-class": [
        5
    ],
    "predictions": [
        0.0013461692724376917,
        8.132949733408168e-05,
        0.05415383353829384,
        0.08704366534948349,
        0.08865189552307129,
        0.6556821465492249,
        0.03643486276268959,
        0.07460156828165054,
        0.0005038403323851526,
        0.0015007229521870613
    ],
    "random_seed": 0,
    "sel_channels": 3,
    "ssi": -0.129786987273208,
    "stylemix_idx": [
        3,
        4,
        5,
        6
    ],
    "stylemix_seed": 30015,
    "to_pil": true,
    "trunc_cutoff": 0,
    "trunc_psi": 1,
    "untransform": false,
    "w0_seeds": [
        [
            24,
            1.0
        ]
    ],
    "w_load": null
}