{
    "accepted": false,
    "base_channel": 0,
    "class_idx": 1,
    "exp-confidence": 0.00016326324839610606,
    "force_fp32": false,
    "img_normalize": true,
    "img_scale_db": 0,
    "input_transform": null,
    "iteration-count": 101,
    "l2_distance": 4266.71176491295,
    "l2_norm": 4403.471849840058,
    "layer_name": null,
    "mixclass_idx": 6,
    "noise_mode": "const",
    "patch_idxs": null,
    "predicted-class": [
        2
    ],
    "predictions": [
        0.00026040582451969385,
        0.00016326324839610606,
        0.6424726247787476,
        0.20426438748836517,
        0.043675754219293594,
        0.04586920887231827,
        0.04930894076824188,
        0.0004225109296385199,
        0.013344334438443184,
        0.00021855068916920573
    ],
    "random_seed": 0,
    "sel_channels": 3,
    "ssi": -0.19750860514244706,
    "stylemix_idx": [
        3,
        4,
        5,
        6
    ],
    "stylemix_seed": 57641,
    "to_pil": true,
    "trunc_cutoff": 0,
    "trunc_psi": 1,
    "untransform": false,
    "w0_seeds": [
        [
            3,
            1.0
        ]
    ],
    "w_load": null
}