{
    "accepted": false,
    "base_channel": 0,
    "class_idx": 5,
    "exp-confidence": 0.0012614604784175754,
    "force_fp32": false,
    "img_normalize": true,
    "img_scale_db": 0,
    "input_transform": null,
    "iteration-count": 101,
    "l2_distance": 3395.1247676740295,
    "l2_norm": 5835.148520856794,
    "layer_name": null,
    "mixclass_idx": 6,
    "noise_mode": "const",
    "patch_idxs": null,
    "predicted-class": [
        3
    ],
    "predictions": [
        6.181698608997976e-06,
        9.649941148381913e-07,
        0.0008295980514958501,
        0.9972429275512695,
        7.868702959967777e-05,
        0.0012614604784175754,
        0.0005347159458324313,
        2.5143504899460822e-05,
        1.5316420103772543e-05,
        4.9825821406557225e-06
    ],
    "random_seed": 0,
    "sel_channels": 3,
    "ssi": -0.33069483429543367,
    "stylemix_idx": [
        3,
        4,
        5,
        6
    ],
    "stylemix_seed": 45641,
    "to_pil": true,
    "trunc_cutoff": 0,
    "trunc_psi": 1,
    "untransform": false,
    "w0_seeds": [
        [
            133,
            1.0
        ]
    ],
    "w_load": null
}