{
    "accepted": false,
    "base_channel": 0,
    "class_idx": 2,
    "exp-confidence": 0.38371914625167847,
    "force_fp32": false,
    "img_normalize": true,
    "img_scale_db": 0,
    "input_transform": null,
    "iteration-count": 2,
    "l2_distance": 138.66452872367898,
    "l2_norm": 3517.455361077379,
    "layer_name": null,
    "mixclass_idx": 6,
    "noise_mode": "const",
    "patch_idxs": null,
    "predicted-class": [
        6
    ],
    "predictions": [
        8.453417831333354e-05,
        1.277940009458689e-05,
        0.38371914625167847,
        0.011465971358120441,
        0.00044654696830548346,
        0.00031619385117664933,
        0.6036801338195801,
        9.327358566224575e-05,
        0.00017174625827465206,
        9.676795343693811e-06
    ],
    "random_seed": 0,
    "sel_channels": 3,
    "ssi": 0.9899022030260617,
    "stylemix_idx": [
        7
    ],
    "stylemix_seed": 4006,
    "to_pil": true,
    "trunc_cutoff": 0,
    "trunc_psi": 1,
    "untransform": false,
    "w0_seeds": [
        [
            442,
            1.0
        ]
    ],
    "w_load": null
}