{
    "accepted": false,
    "base_channel": 0,
    "class_idx": 1,
    "exp-confidence": 0.07168252021074295,
    "force_fp32": false,
    "img_normalize": true,
    "img_scale_db": 0,
    "input_transform": null,
    "iteration-count": 101,
    "l2_distance": 2700.1045296727198,
    "l2_norm": 4253.636031655744,
    "layer_name": null,
    "mixclass_idx": 9,
    "noise_mode": "const",
    "patch_idxs": null,
    "predicted-class": [
        9
    ],
    "predictions": [
        1.6675096048857085e-05,
        0.07168252021074295,
        1.2655816590267932e-06,
        3.932165327569237e-06,
        1.5873987990744354e-07,
        3.488190259304247e-06,
        5.612563427348505e-07,
        1.9461417650745716e-06,
        4.291515506338328e-05,
        0.9282465577125549
    ],
    "random_seed": 0,
    "sel_channels": 3,
    "ssi": 0.17663382136257755,
    "stylemix_idx": [
        3,
        4,
        5,
        6
    ],
    "stylemix_seed": 94079,
    "to_pil": true,
    "trunc_cutoff": 0,
    "trunc_psi": 1,
    "untransform": false,
    "w0_seeds": [
        [
            2633,
            1.0
        ]
    ],
    "w_load": null
}