{
    "accepted": false,
    "base_channel": 0,
    "class_idx": 5,
    "exp-confidence": 0.4052993357181549,
    "force_fp32": false,
    "img_normalize": true,
    "img_scale_db": 0,
    "input_transform": null,
    "iteration-count": 101,
    "l2_distance": 4422.5928800561205,
    "l2_norm": 4378.865252738304,
    "layer_name": null,
    "mixclass_idx": 7,
    "noise_mode": "const",
    "patch_idxs": null,
    "predicted-class": [
        7
    ],
    "predictions": [
        5.1130509746144526e-06,
        3.5392422432778403e-06,
        9.292725007981062e-05,
        0.0023988799657672644,
        0.00018771731993183494,
        0.4052993357181549,
        1.4355096027429681e-05,
        0.5919809341430664,
        1.3007288544031326e-06,
        1.5903757230262272e-05
    ],
    "random_seed": 0,
    "sel_channels": 3,
    "ssi": -0.04476189241154919,
    "stylemix_idx": [
        3,
        4,
        5,
        6
    ],
    "stylemix_seed": 49974,
    "to_pil": true,
    "trunc_cutoff": 0,
    "trunc_psi": 1,
    "untransform": false,
    "w0_seeds": [
        [
            195,
            1.0
        ]
    ],
    "w_load": null
}