{
    "accepted": false,
    "base_channel": 0,
    "class_idx": 2,
    "exp-confidence": 0.4958725571632385,
    "force_fp32": false,
    "img_normalize": true,
    "img_scale_db": 0,
    "input_transform": null,
    "iteration-count": 2,
    "l2_distance": 386.80675639306,
    "l2_norm": 3944.0712628006136,
    "layer_name": null,
    "mixclass_idx": 0,
    "noise_mode": "const",
    "patch_idxs": null,
    "predicted-class": [
        0
    ],
    "predictions": [
        0.5026784539222717,
        2.8401547751855105e-05,
        0.4958725571632385,
        0.0004640291735995561,
        0.00019968897686339915,
        0.00010566301352810115,
        0.00034387316554784775,
        2.9491620807675645e-05,
        0.0002534929371904582,
        2.4405708245467395e-05
    ],
    "random_seed": 0,
    "sel_channels": 3,
    "ssi": 0.9564137792637475,
    "stylemix_idx": [
        5,
        6
    ],
    "stylemix_seed": 64321,
    "to_pil": true,
    "trunc_cutoff": 0,
    "trunc_psi": 1,
    "untransform": false,
    "w0_seeds": [
        [
            659,
            1.0
        ]
    ],
    "w_load": null
}