{
    "accepted": false,
    "base_channel": 0,
    "class_idx": 2,
    "exp-confidence": 0.2778579890727997,
    "force_fp32": false,
    "img_normalize": true,
    "img_scale_db": 0,
    "input_transform": null,
    "iteration-count": 90,
    "l2_distance": 505.5236351927375,
    "l2_norm": 5065.884218454756,
    "layer_name": null,
    "mixclass_idx": 6,
    "noise_mode": "const",
    "patch_idxs": null,
    "predicted-class": [
        6
    ],
    "predictions": [
        0.00016638550732750446,
        8.982936378743034e-06,
        0.2778579890727997,
        0.0024853216018527746,
        0.00031817815033718944,
        0.005462289322167635,
        0.7134047746658325,
        0.00023429907741956413,
        2.1963507606415078e-05,
        3.982049020123668e-05
    ],
    "random_seed": 0,
    "sel_channels": 3,
    "ssi": 0.9628659751465006,
    "stylemix_idx": [
        6
    ],
    "stylemix_seed": 13523,
    "to_pil": true,
    "trunc_cutoff": 0,
    "trunc_psi": 1,
    "untransform": false,
    "w0_seeds": [
        [
            372,
            1.0
        ]
    ],
    "w_load": null
}