{
    "accepted": false,
    "base_channel": 0,
    "class_idx": 4,
    "exp-confidence": 0.4952648878097534,
    "force_fp32": false,
    "img_normalize": true,
    "img_scale_db": 0,
    "input_transform": null,
    "iteration-count": 1,
    "l2_distance": 257.66005399749105,
    "l2_norm": 2885.0682155611644,
    "layer_name": null,
    "mixclass_idx": 7,
    "noise_mode": "const",
    "patch_idxs": null,
    "predicted-class": [
        7
    ],
    "predictions": [
        1.733289991534548e-07,
        7.510222417295154e-07,
        6.744088295818074e-06,
        4.667432222049683e-06,
        0.4952648878097534,
        4.5221935579320416e-05,
        2.53278881245933e-06,
        0.5046738982200623,
        3.732323818894656e-07,
        6.883071250740613e-07
    ],
    "random_seed": 0,
    "sel_channels": 3,
    "ssi": 0.9764129807204269,
    "stylemix_idx": [
        7
    ],
    "stylemix_seed": 31253,
    "to_pil": true,
    "trunc_cutoff": 0,
    "trunc_psi": 1,
    "untransform": false,
    "w0_seeds": [
        [
            159,
            1.0
        ]
    ],
    "w_load": null
}