{
    "accepted": false,
    "base_channel": 0,
    "class_idx": 6,
    "exp-confidence": 0.37530434131622314,
    "force_fp32": false,
    "img_normalize": true,
    "img_scale_db": 0,
    "input_transform": null,
    "iteration-count": 41,
    "l2_distance": 550.1324693881646,
    "l2_norm": 4227.204317899632,
    "layer_name": null,
    "mixclass_idx": 3,
    "noise_mode": "const",
    "patch_idxs": null,
    "predicted-class": [
        3
    ],
    "predictions": [
        0.0010792294051498175,
        0.00039788501453585923,
        0.003928722348064184,
        0.6102742552757263,
        0.00224487972445786,
        0.0008240195456892252,
        0.37530434131622314,
        6.284585106186569e-05,
        0.005780065897852182,
        0.00010372602264396846
    ],
    "random_seed": 0,
    "sel_channels": 3,
    "ssi": 0.9632031458337249,
    "stylemix_idx": [
        7
    ],
    "stylemix_seed": 66206,
    "to_pil": true,
    "trunc_cutoff": 0,
    "trunc_psi": 1,
    "untransform": false,
    "w0_seeds": [
        [
            553,
            1.0
        ]
    ],
    "w_load": null
}