{
    "accepted": [
        false
    ],
    "base_channel": 0,
    "class_idx": 1,
    "exp-confidence": 1.6352893353127265e-18,
    "force_fp32": false,
    "img_normalize": true,
    "img_scale_db": 0,
    "input_transform": null,
    "iteration-count": 101,
    "l2_distance": 5427.3428120950675,
    "l2_norm": 1372.211718358359,
    "layer_name": null,
    "mixclass_idx": 4,
    "noise_mode": "const",
    "patch_idxs": null,
    "predicted-class": [
        4
    ],
    "predictions": [
        0.0,
        1.6352893353127265e-18,
        0.0,
        5.1560066787116637e-17,
        1.0,
        0.0,
        0.0,
        7.869172322775395e-17,
        0.0,
        0.0
    ],
    "random_seed": 0,
    "sel_channels": 3,
    "ssi": 0.438088837253294,
    "stylemix_idx": [
        3,
        4
    ],
    "stylemix_seed": 82272,
    "to_pil": true,
    "trunc_cutoff": 0,
    "trunc_psi": 1,
    "untransform": false,
    "w0_seeds": [
        [
            10194,
            1.0
        ]
    ],
    "w_load": null
}