{
    "accepted": false,
    "base_channel": 0,
    "class_idx": 5,
    "exp-confidence": 0.472135066986084,
    "force_fp32": false,
    "img_normalize": true,
    "img_scale_db": 0,
    "input_transform": null,
    "iteration-count": 20,
    "l2_distance": 347.72839655877976,
    "l2_norm": 5564.964275881108,
    "layer_name": null,
    "mixclass_idx": 4,
    "noise_mode": "const",
    "patch_idxs": null,
    "predicted-class": [
        4
    ],
    "predictions": [
        1.8450919014867395e-05,
        4.9082873374572955e-06,
        0.0006255495245568454,
        0.004086371976882219,
        0.5229125022888184,
        0.472135066986084,
        7.423370698234066e-05,
        0.00013179068628232926,
        6.916291113157058e-06,
        4.235346750647295e-06
    ],
    "random_seed": 0,
    "sel_channels": 3,
    "ssi": 0.9609503962783358,
    "stylemix_idx": [
        7
    ],
    "stylemix_seed": 41383,
    "to_pil": true,
    "trunc_cutoff": 0,
    "trunc_psi": 1,
    "untransform": false,
    "w0_seeds": [
        [
            264,
            1.0
        ]
    ],
    "w_load": null
}