{
    "accepted": false,
    "base_channel": 0,
    "class_idx": 5,
    "exp-confidence": 0.3444395065307617,
    "force_fp32": false,
    "img_normalize": true,
    "img_scale_db": 0,
    "input_transform": null,
    "iteration-count": 101,
    "l2_distance": 3482.1962542914243,
    "l2_norm": 6078.654205938783,
    "layer_name": null,
    "mixclass_idx": 0,
    "noise_mode": "const",
    "patch_idxs": null,
    "predicted-class": [
        6
    ],
    "predictions": [
        0.0027580515015870333,
        5.6661610869923607e-05,
        0.086103156208992,
        0.11664696037769318,
        0.00142767489887774,
        0.3444395065307617,
        0.42734429240226746,
        0.02063729427754879,
        5.7203855249099433e-05,
        0.0005291846464388072
    ],
    "random_seed": 0,
    "sel_channels": 3,
    "ssi": -0.2170445861150156,
    "stylemix_idx": [
        3,
        4,
        5,
        6
    ],
    "stylemix_seed": 22662,
    "to_pil": true,
    "trunc_cutoff": 0,
    "trunc_psi": 1,
    "untransform": false,
    "w0_seeds": [
        [
            133,
            1.0
        ]
    ],
    "w_load": null
}