{
    "accepted": false,
    "base_channel": 0,
    "class_idx": 3,
    "exp-confidence": 0.02534325420856476,
    "force_fp32": false,
    "img_normalize": true,
    "img_scale_db": 0,
    "input_transform": null,
    "iteration-count": 9,
    "l2_distance": 548.6125945308856,
    "l2_norm": 5227.269797264989,
    "layer_name": null,
    "mixclass_idx": 5,
    "noise_mode": "const",
    "patch_idxs": null,
    "predicted-class": [
        5
    ],
    "predictions": [
        1.3101373951940332e-05,
        1.0551282684900798e-05,
        2.145956204913091e-05,
        0.02534325420856476,
        4.610813266481273e-05,
        0.9744955897331238,
        1.3852704796590842e-05,
        1.520152909506578e-05,
        7.925860700197518e-06,
        3.2944080885499716e-05
    ],
    "random_seed": 0,
    "sel_channels": 3,
    "ssi": 0.9516661172151933,
    "stylemix_idx": [
        5
    ],
    "stylemix_seed": 43367,
    "to_pil": true,
    "trunc_cutoff": 0,
    "trunc_psi": 1,
    "untransform": false,
    "w0_seeds": [
        [
            212,
            1.0
        ]
    ],
    "w_load": null
}