{
    "accepted": [
        true
    ],
    "base_channel": 0,
    "class_idx": 5,
    "exp-confidence": 0.9999997615814209,
    "force_fp32": false,
    "img_normalize": true,
    "img_scale_db": 0,
    "input_transform": null,
    "l2_norm": 2112.7257275851025,
    "layer_name": null,
    "mixclass_idx": null,
    "noise_mode": "const",
    "patch_idxs": null,
    "predictions": [
        1.8120790912234952e-07,
        1.4365518096727474e-33,
        9.320079152049803e-35,
        0.0,
        0.0,
        0.9999997615814209,
        0.0,
        0.0,
        8.841761415905036e-13,
        0.0
    ],
    "random_seed": 0,
    "sel_channels": 3,
    "stylemix_idx": [],
    "stylemix_seed": null,
    "to_pil": true,
    "trunc_cutoff": 0,
    "trunc_psi": 1,
    "untransform": false,
    "w0_seeds": [
        [
            1294,
            1.0
        ]
    ],
    "w_load": null
}