{
    "accepted": false,
    "base_channel": 0,
    "class_idx": 3,
    "exp-confidence": 0.3917989730834961,
    "force_fp32": false,
    "img_normalize": true,
    "img_scale_db": 0,
    "input_transform": null,
    "iteration-count": 21,
    "l2_distance": 288.38859728753147,
    "l2_norm": 3361.7291266936913,
    "layer_name": null,
    "mixclass_idx": 5,
    "noise_mode": "const",
    "patch_idxs": null,
    "predicted-class": [
        5
    ],
    "predictions": [
        0.0001766292698448524,
        1.0710139576985966e-05,
        0.0006378338439390063,
        0.3917989730834961,
        0.002835821360349655,
        0.6039333343505859,
        0.00020574442169163376,
        0.00017022581596393138,
        0.000221211914322339,
        9.474108082940802e-06
    ],
    "random_seed": 0,
    "sel_channels": 3,
    "ssi": 0.9671096028087336,
    "stylemix_idx": [
        6
    ],
    "stylemix_seed": 91235,
    "to_pil": true,
    "trunc_cutoff": 0,
    "trunc_psi": 1,
    "untransform": false,
    "w0_seeds": [
        [
            44,
            1.0
        ]
    ],
    "w_load": null
}