{
    "accepted": false,
    "base_channel": 0,
    "class_idx": 9,
    "exp-confidence": 0.35216012597084045,
    "force_fp32": false,
    "img_normalize": true,
    "img_scale_db": 0,
    "input_transform": null,
    "iteration-count": 101,
    "l2_distance": 2594.1259896849283,
    "l2_norm": 4583.020809665907,
    "layer_name": null,
    "mixclass_idx": 1,
    "noise_mode": "const",
    "patch_idxs": null,
    "predicted-class": [
        1
    ],
    "predictions": [
        3.284919876023196e-05,
        0.6477808952331543,
        4.051589257869637e-06,
        2.801605432978249e-06,
        2.973828543417767e-07,
        7.294250735867536e-06,
        1.695952050795313e-06,
        8.370489013032056e-06,
        1.5958834183038562e-06,
        0.35216012597084045
    ],
    "random_seed": 0,
    "sel_channels": 3,
    "ssi": 0.12700031173524817,
    "stylemix_idx": [
        3,
        4,
        5,
        6
    ],
    "stylemix_seed": 53470,
    "to_pil": true,
    "trunc_cutoff": 0,
    "trunc_psi": 1,
    "untransform": false,
    "w0_seeds": [
        [
            323,
            1.0
        ]
    ],
    "w_load": null
}