{
    "accepted": false,
    "base_channel": 0,
    "class_idx": 2,
    "exp-confidence": 0.06418508291244507,
    "force_fp32": false,
    "img_normalize": true,
    "img_scale_db": 0,
    "input_transform": null,
    "iteration-count": 101,
    "l2_distance": 3457.380245859033,
    "l2_norm": 4347.834426940222,
    "layer_name": null,
    "mixclass_idx": 0,
    "noise_mode": "const",
    "patch_idxs": null,
    "predicted-class": [
        0
    ],
    "predictions": [
        0.9353528022766113,
        4.66708161184215e-06,
        0.06418508291244507,
        4.880401320406236e-05,
        1.6484484149259515e-05,
        6.796550223953091e-06,
        9.989239333663136e-05,
        9.189533557218965e-06,
        0.00025645646383054554,
        1.9726447135326453e-05
    ],
    "random_seed": 0,
    "sel_channels": 3,
    "ssi": -0.12888469876917172,
    "stylemix_idx": [
        3,
        4,
        5,
        6
    ],
    "stylemix_seed": 48727,
    "to_pil": true,
    "trunc_cutoff": 0,
    "trunc_psi": 1,
    "untransform": false,
    "w0_seeds": [
        [
            241,
            1.0
        ]
    ],
    "w_load": null
}