{
    "accepted": false,
    "base_channel": 0,
    "class_idx": 2,
    "exp-confidence": 0.09628573060035706,
    "force_fp32": false,
    "img_normalize": true,
    "img_scale_db": 0,
    "input_transform": null,
    "iteration-count": 101,
    "l2_distance": 2152.673637967562,
    "l2_norm": 3822.1147048159673,
    "layer_name": null,
    "mixclass_idx": 1,
    "noise_mode": "const",
    "patch_idxs": null,
    "predicted-class": [
        4
    ],
    "predictions": [
        0.0002936610544566065,
        7.411751084873686e-06,
        0.09628573060035706,
        0.003439952852204442,
        0.8935033679008484,
        0.0003548652457538992,
        0.0057218302972614765,
        0.0002707991225179285,
        0.00010485366510692984,
        1.7504949937574565e-05
    ],
    "random_seed": 0,
    "sel_channels": 3,
    "ssi": 0.0036973177890170525,
    "stylemix_idx": [
        3,
        4
    ],
    "stylemix_seed": 32123,
    "to_pil": true,
    "trunc_cutoff": 0,
    "trunc_psi": 1,
    "untransform": false,
    "w0_seeds": [
        [
            68,
            1.0
        ]
    ],
    "w_load": null
}