{
    "accepted": false,
    "base_channel": 0,
    "class_idx": 1,
    "exp-confidence": 0.14599107205867767,
    "force_fp32": false,
    "img_normalize": true,
    "img_scale_db": 0,
    "input_transform": null,
    "iteration-count": 101,
    "l2_distance": 2561.2292319169846,
    "l2_norm": 3704.6908168674818,
    "layer_name": null,
    "mixclass_idx": 3,
    "noise_mode": "const",
    "patch_idxs": null,
    "predicted-class": [
        5
    ],
    "predictions": [
        0.0018729562871158123,
        0.14599107205867767,
        0.0016322083538398147,
        0.09310697019100189,
        0.00026948933373205364,
        0.4935048818588257,
        0.0204769354313612,
        0.0006369673064909875,
        0.05265690013766289,
        0.18985164165496826
    ],
    "random_seed": 0,
    "sel_channels": 3,
    "ssi": -0.06689293851882523,
    "stylemix_idx": [
        3,
        4,
        5,
        6
    ],
    "stylemix_seed": 76152,
    "to_pil": true,
    "trunc_cutoff": 0,
    "trunc_psi": 1,
    "untransform": false,
    "w0_seeds": [
        [
            62,
            1.0
        ]
    ],
    "w_load": null
}