{
    "accepted": [
        false
    ],
    "base_channel": 0,
    "class_idx": 2,
    "exp-confidence": 0.00036624775384552777,
    "force_fp32": false,
    "img_normalize": true,
    "img_scale_db": 0,
    "input_transform": null,
    "iteration-count": 1,
    "l2_distance": 4790.180059246208,
    "l2_norm": 4651.961414285376,
    "layer_name": null,
    "mixclass_idx": 6,
    "noise_mode": "const",
    "patch_idxs": null,
    "predicted-class": [
        4
    ],
    "predictions": [
        0.0,
        0.0,
        0.00036624775384552777,
        0.0,
        0.9971054196357727,
        0.0,
        0.0025283365976065397,
        0.0,
        0.0,
        0.0
    ],
    "random_seed": 0,
    "sel_channels": 3,
    "ssi": 0.9970486791015063,
    "stylemix_idx": [
        7
    ],
    "stylemix_seed": 84265,
    "to_pil": true,
    "trunc_cutoff": 0,
    "trunc_psi": 1,
    "untransform": false,
    "w0_seeds": [
        [
            1248,
            1.0
        ]
    ],
    "w_load": null
}