{
    "accepted": false,
    "base_channel": 0,
    "class_idx": 9,
    "exp-confidence": 0.0022832676768302917,
    "force_fp32": false,
    "img_normalize": true,
    "img_scale_db": 0,
    "input_transform": null,
    "iteration-count": 101,
    "l2_distance": 2534.6799608176843,
    "l2_norm": 4470.694990711388,
    "layer_name": null,
    "mixclass_idx": 4,
    "noise_mode": "const",
    "patch_idxs": null,
    "predicted-class": [
        2
    ],
    "predictions": [
        0.001154253608547151,
        0.00033780038938857615,
        0.7834401726722717,
        0.0754161924123764,
        0.08398772031068802,
        0.012393180280923843,
        0.02988746389746666,
        0.007902936078608036,
        0.0031970085110515356,
        0.0022832676768302917
    ],
    "random_seed": 0,
    "sel_channels": 3,
    "ssi": -0.11030442879024113,
    "stylemix_idx": [
        3,
        4,
        5,
        6
    ],
    "stylemix_seed": 55576,
    "to_pil": true,
    "trunc_cutoff": 0,
    "trunc_psi": 1,
    "untransform": false,
    "w0_seeds": [
        [
            9,
            1.0
        ]
    ],
    "w_load": null
}