{
    "accepted": false,
    "base_channel": 0,
    "class_idx": 9,
    "exp-confidence": 0.01363290660083294,
    "force_fp32": false,
    "img_normalize": true,
    "img_scale_db": 0,
    "input_transform": null,
    "iteration-count": 101,
    "l2_distance": 4482.2332726138,
    "l2_norm": 2755.1681405112213,
    "layer_name": null,
    "mixclass_idx": 1,
    "noise_mode": "const",
    "patch_idxs": null,
    "predicted-class": [
        1
    ],
    "predictions": [
        1.6342466551577672e-05,
        0.9863442182540894,
        2.304718407231121e-07,
        4.87277418415033e-07,
        4.643686679628445e-07,
        2.8161542786619975e-07,
        3.1149934898166975e-07,
        7.713080663052096e-07,
        4.016103503090562e-06,
        0.01363290660083294
    ],
    "random_seed": 0,
    "sel_channels": 3,
    "ssi": -0.028649657269017165,
    "stylemix_idx": [
        3,
        4,
        5,
        6
    ],
    "stylemix_seed": 26199,
    "to_pil": true,
    "trunc_cutoff": 0,
    "trunc_psi": 1,
    "untransform": false,
    "w0_seeds": [
        [
            3,
            1.0
        ]
    ],
    "w_load": null
}