{
    "accepted": false,
    "base_channel": 0,
    "class_idx": 3,
    "exp-confidence": 0.20899473130702972,
    "force_fp32": false,
    "img_normalize": true,
    "img_scale_db": 0,
    "input_transform": null,
    "iteration-count": 4,
    "l2_distance": 331.0542311019298,
    "l2_norm": 4111.8387546407985,
    "layer_name": null,
    "mixclass_idx": 2,
    "noise_mode": "const",
    "patch_idxs": null,
    "predicted-class": [
        2
    ],
    "predictions": [
        9.173212310997769e-05,
        2.1664531232090667e-05,
        0.7324684858322144,
        0.20899473130702972,
        0.003678821260109544,
        0.053718727082014084,
        8.049242751440033e-05,
        0.0008531315834261477,
        6.992249109316617e-05,
        2.228782614110969e-05
    ],
    "random_seed": 0,
    "sel_channels": 3,
    "ssi": 0.9617608319287716,
    "stylemix_idx": [
        6
    ],
    "stylemix_seed": 39391,
    "to_pil": true,
    "trunc_cutoff": 0,
    "trunc_psi": 1,
    "untransform": false,
    "w0_seeds": [
        [
            206,
            1.0
        ]
    ],
    "w_load": null
}