{
    "accepted": [
        false
    ],
    "base_channel": 0,
    "class_idx": 0,
    "exp-confidence": 1.6284009649324514e-37,
    "force_fp32": false,
    "img_normalize": true,
    "img_scale_db": 0,
    "input_transform": null,
    "iteration-count": 101,
    "l2_distance": 6340.133752532355,
    "l2_norm": 1836.5078273723748,
    "layer_name": null,
    "mixclass_idx": 6,
    "noise_mode": "const",
    "patch_idxs": null,
    "predicted-class": [
        4
    ],
    "predictions": [
        1.6284009649324514e-37,
        0.0,
        0.0,
        0.0,
        0.8291333913803101,
        0.17086653411388397,
        0.0,
        0.0,
        0.0,
        0.0
    ],
    "random_seed": 0,
    "sel_channels": 3,
    "ssi": 0.5674067818570809,
    "stylemix_idx": [
        3,
        4,
        5,
        6
    ],
    "stylemix_seed": 13218,
    "to_pil": true,
    "trunc_cutoff": 0,
    "trunc_psi": 1,
    "untransform": false,
    "w0_seeds": [
        [
            7,
            1.0
        ]
    ],
    "w_load": null
}