{
    "accepted": false,
    "base_channel": 0,
    "class_idx": 3,
    "exp-confidence": 0.0672740638256073,
    "force_fp32": false,
    "img_normalize": true,
    "img_scale_db": 0,
    "input_transform": null,
    "iteration-count": 101,
    "l2_distance": 3763.2430016808285,
    "l2_norm": 3772.9959238726174,
    "layer_name": null,
    "mixclass_idx": 5,
    "noise_mode": "const",
    "patch_idxs": null,
    "predicted-class": [
        5
    ],
    "predictions": [
        2.8862637918791734e-05,
        4.820643880520947e-06,
        0.00015314941992983222,
        0.0672740638256073,
        0.00020169046183582395,
        0.9318112134933472,
        2.7438520191935822e-05,
        0.0004605237045325339,
        3.628645572462119e-06,
        3.459132858552039e-05
    ],
    "random_seed": 0,
    "sel_channels": 3,
    "ssi": -0.02128470487087637,
    "stylemix_idx": [
        3,
        4,
        5,
        6
    ],
    "stylemix_seed": 80494,
    "to_pil": true,
    "trunc_cutoff": 0,
    "trunc_psi": 1,
    "untransform": false,
    "w0_seeds": [
        [
            233,
            1.0
        ]
    ],
    "w_load": null
}