{
    "accepted": [
        false
    ],
    "base_channel": 0,
    "class_idx": 5,
    "exp-confidence": 2.7013159509166645e-17,
    "force_fp32": false,
    "img_normalize": true,
    "img_scale_db": 0,
    "input_transform": null,
    "iteration-count": 101,
    "l2_distance": 5517.4391704848,
    "l2_norm": 2213.232251707895,
    "layer_name": null,
    "mixclass_idx": 8,
    "noise_mode": "const",
    "patch_idxs": null,
    "predicted-class": [
        8
    ],
    "predictions": [
        0.0,
        0.0,
        0.0,
        0.0,
        0.0,
        2.7013159509166645e-17,
        5.231878569701004e-14,
        0.0,
        1.0,
        7.086821475831813e-37
    ],
    "random_seed": 0,
    "sel_channels": 3,
    "ssi": 0.3899050322641755,
    "stylemix_idx": [
        3,
        4,
        5,
        6
    ],
    "stylemix_seed": 53511,
    "to_pil": true,
    "trunc_cutoff": 0,
    "trunc_psi": 1,
    "untransform": false,
    "w0_seeds": [
        [
            36424,
            1.0
        ]
    ],
    "w_load": null
}