{
    "accepted": [
        false
    ],
    "base_channel": 0,
    "class_idx": 6,
    "exp-confidence": 1.1103370525233913e-06,
    "force_fp32": false,
    "img_normalize": true,
    "img_scale_db": 0,
    "input_transform": null,
    "iteration-count": 4,
    "l2_distance": 1867.4359426764818,
    "l2_norm": 2148.883198314883,
    "layer_name": null,
    "mixclass_idx": 0,
    "noise_mode": "const",
    "patch_idxs": null,
    "predicted-class": [
        0
    ],
    "predictions": [
        0.999998927116394,
        0.0,
        0.0,
        0.0,
        0.0,
        3.631265558133059e-28,
        1.1103370525233913e-06,
        0.0,
        0.0,
        0.0
    ],
    "random_seed": 0,
    "sel_channels": 3,
    "ssi": 0.9598159266900922,
    "stylemix_idx": [
        4
    ],
    "stylemix_seed": 34138,
    "to_pil": true,
    "trunc_cutoff": 0,
    "trunc_psi": 1,
    "untransform": false,
    "w0_seeds": [
        [
            113101,
            1.0
        ]
    ],
    "w_load": null
}