{
    "accepted": false,
    "base_channel": 0,
    "class_idx": 7,
    "exp-confidence": 0.011046207509934902,
    "force_fp32": false,
    "img_normalize": true,
    "img_scale_db": 0,
    "input_transform": null,
    "iteration-count": 101,
    "l2_distance": 3278.2864608330005,
    "l2_norm": 4425.658635157924,
    "layer_name": null,
    "mixclass_idx": 5,
    "noise_mode": "const",
    "patch_idxs": null,
    "predicted-class": [
        5
    ],
    "predictions": [
        4.108261418878101e-05,
        1.7348636902170256e-05,
        0.0034571748692542315,
        0.032593630254268646,
        0.0007988597499206662,
        0.9514819383621216,
        0.00011500419350340962,
        0.011046207509934902,
        0.0004164318961557001,
        3.236509655835107e-05
    ],
    "random_seed": 0,
    "sel_channels": 3,
    "ssi": -0.19818919690314613,
    "stylemix_idx": [
        3,
        4,
        5,
        6
    ],
    "stylemix_seed": 69451,
    "to_pil": true,
    "trunc_cutoff": 0,
    "trunc_psi": 1,
    "untransform": false,
    "w0_seeds": [
        [
            9,
            1.0
        ]
    ],
    "w_load": null
}