{
    "accepted": false,
    "base_channel": 0,
    "class_idx": 7,
    "exp-confidence": 0.1395721137523651,
    "force_fp32": false,
    "img_normalize": true,
    "img_scale_db": 0,
    "input_transform": null,
    "iteration-count": 101,
    "l2_distance": 2795.049449817187,
    "l2_norm": 3839.656994285129,
    "layer_name": null,
    "mixclass_idx": 5,
    "noise_mode": "const",
    "patch_idxs": null,
    "predicted-class": [
        5
    ],
    "predictions": [
        5.801231964142062e-06,
        1.2081463864888065e-06,
        3.3055635867640376e-05,
        0.0013247999595478177,
        8.004299888852984e-05,
        0.8589670658111572,
        1.2623690963664558e-05,
        0.1395721137523651,
        5.339334734344447e-07,
        2.710901981117786e-06
    ],
    "random_seed": 0,
    "sel_channels": 3,
    "ssi": -0.1767040195487963,
    "stylemix_idx": [
        3,
        4,
        5,
        6
    ],
    "stylemix_seed": 69998,
    "to_pil": true,
    "trunc_cutoff": 0,
    "trunc_psi": 1,
    "untransform": false,
    "w0_seeds": [
        [
            11,
            1.0
        ]
    ],
    "w_load": null
}