{
    "accepted": false,
    "base_channel": 0,
    "class_idx": 9,
    "exp-confidence": 0.00346550066024065,
    "force_fp32": false,
    "img_normalize": true,
    "img_scale_db": 0,
    "input_transform": null,
    "iteration-count": 101,
    "l2_distance": 3261.941892173881,
    "l2_norm": 4520.965998184906,
    "layer_name": null,
    "mixclass_idx": 6,
    "noise_mode": "const",
    "patch_idxs": null,
    "predicted-class": [
        3
    ],
    "predictions": [
        7.426169759128243e-05,
        0.0001767541834851727,
        0.0018947292119264603,
        0.5469629168510437,
        0.00404475349932909,
        0.06470245867967606,
        0.03352317586541176,
        0.34510061144828796,
        5.479109677253291e-05,
        0.00346550066024065
    ],
    "random_seed": 0,
    "sel_channels": 3,
    "ssi": -0.0861057040857889,
    "stylemix_idx": [
        3,
        4,
        5,
        6
    ],
    "stylemix_seed": 15549,
    "to_pil": true,
    "trunc_cutoff": 0,
    "trunc_psi": 1,
    "untransform": false,
    "w0_seeds": [
        [
            55,
            1.0
        ]
    ],
    "w_load": null
}