{
    "accepted": false,
    "base_channel": 0,
    "class_idx": 4,
    "exp-confidence": 0.0012673987075686455,
    "force_fp32": false,
    "img_normalize": true,
    "img_scale_db": 0,
    "input_transform": null,
    "iteration-count": 101,
    "l2_distance": 3982.137832094479,
    "l2_norm": 5327.412847771313,
    "layer_name": null,
    "mixclass_idx": 9,
    "noise_mode": "const",
    "patch_idxs": null,
    "predicted-class": [
        0
    ],
    "predictions": [
        0.9877650141716003,
        0.0008443332044407725,
        0.0014416708145290613,
        0.001102206646464765,
        0.0012673987075686455,
        0.0001410413533449173,
        4.258732951711863e-05,
        0.001194391748867929,
        0.0051447441801428795,
        0.0010566461132839322
    ],
    "random_seed": 0,
    "sel_channels": 3,
    "ssi": -0.06157855866581888,
    "stylemix_idx": [
        3,
        4,
        5,
        6
    ],
    "stylemix_seed": 77914,
    "to_pil": true,
    "trunc_cutoff": 0,
    "trunc_psi": 1,
    "untransform": false,
    "w0_seeds": [
        [
            64,
            1.0
        ]
    ],
    "w_load": null
}