{
    "accepted": false,
    "base_channel": 0,
    "class_idx": 8,
    "exp-confidence": 0.4554889500141144,
    "force_fp32": false,
    "img_normalize": true,
    "img_scale_db": 0,
    "input_transform": null,
    "iteration-count": 1,
    "l2_distance": 436.139704697692,
    "l2_norm": 4404.367377305033,
    "layer_name": null,
    "mixclass_idx": 1,
    "noise_mode": "const",
    "patch_idxs": null,
    "predicted-class": [
        1
    ],
    "predictions": [
        0.00025300259585492313,
        0.5441303253173828,
        3.815827767539304e-06,
        4.599186922860099e-06,
        1.9602171050792094e-06,
        2.7838177629746497e-06,
        1.269290692107461e-06,
        5.06247897646972e-06,
        0.4554889500141144,
        0.00010822828335221857
    ],
    "random_seed": 0,
    "sel_channels": 3,
    "ssi": 0.9559892310653011,
    "stylemix_idx": [
        6
    ],
    "stylemix_seed": 96074,
    "to_pil": true,
    "trunc_cutoff": 0,
    "trunc_psi": 1,
    "untransform": false,
    "w0_seeds": [
        [
            884,
            1.0
        ]
    ],
    "w_load": null
}