{
    "accepted": false,
    "base_channel": 0,
    "class_idx": 0,
    "exp-confidence": 0.03782789409160614,
    "force_fp32": false,
    "img_normalize": true,
    "img_scale_db": 0,
    "input_transform": null,
    "iteration-count": 101,
    "l2_distance": 3872.8963139261564,
    "l2_norm": 1946.226029563686,
    "layer_name": null,
    "mixclass_idx": 3,
    "noise_mode": "const",
    "patch_idxs": null,
    "predicted-class": [
        2
    ],
    "predictions": [
        0.03782789409160614,
        0.0007274053059518337,
        0.7846928834915161,
        0.041261401027441025,
        0.05984867364168167,
        0.0049120583571493626,
        0.014441914856433868,
        0.0006176332244649529,
        0.05519256368279457,
        0.00047758047003299
    ],
    "random_seed": 0,
    "sel_channels": 3,
    "ssi": 0.04161318288003954,
    "stylemix_idx": [
        3,
        4,
        5,
        6
    ],
    "stylemix_seed": 1063,
    "to_pil": true,
    "trunc_cutoff": 0,
    "trunc_psi": 1,
    "untransform": false,
    "w0_seeds": [
        [
            22,
            1.0
        ]
    ],
    "w_load": null
}