{
    "accepted": false,
    "base_channel": 0,
    "class_idx": 4,
    "exp-confidence": 0.3040996193885803,
    "force_fp32": false,
    "img_normalize": true,
    "img_scale_db": 0,
    "input_transform": null,
    "iteration-count": 101,
    "l2_distance": 2707.0326143948614,
    "l2_norm": 4550.967127562647,
    "layer_name": null,
    "mixclass_idx": 9,
    "noise_mode": "const",
    "patch_idxs": null,
    "predicted-class": [
        2
    ],
    "predictions": [
        0.0001796338037820533,
        0.00034017208963632584,
        0.6877920031547546,
        0.0002067744208034128,
        0.3040996193885803,
        0.0014100574189797044,
        0.00012983592750970274,
        0.00032043110695667565,
        0.0054627032950520515,
        5.875135320820846e-05
    ],
    "random_seed": 0,
    "sel_channels": 3,
    "ssi": -0.02086981307307514,
    "stylemix_idx": [
        3,
        4
    ],
    "stylemix_seed": 58673,
    "to_pil": true,
    "trunc_cutoff": 0,
    "trunc_psi": 1,
    "untransform": false,
    "w0_seeds": [
        [
            8,
            1.0
        ]
    ],
    "w_load": null
}