{
    "accepted": false,
    "base_channel": 0,
    "class_idx": 1,
    "exp-confidence": 0.40151748061180115,
    "force_fp32": false,
    "img_normalize": true,
    "img_scale_db": 0,
    "input_transform": null,
    "iteration-count": 101,
    "l2_distance": 4221.2089703264255,
    "l2_norm": 2437.8655521496876,
    "layer_name": null,
    "mixclass_idx": 9,
    "noise_mode": "const",
    "patch_idxs": null,
    "predicted-class": [
        9
    ],
    "predictions": [
        0.05521497130393982,
        0.40151748061180115,
        0.0023201850708574057,
        0.00195711781270802,
        0.0036382831167429686,
        0.0011417372152209282,
        0.0006129925604909658,
        0.002741074888035655,
        0.004174340050667524,
        0.5266818404197693
    ],
    "random_seed": 0,
    "sel_channels": 3,
    "ssi": 0.21627604432517536,
    "stylemix_idx": [
        3,
        4,
        5,
        6
    ],
    "stylemix_seed": 73854,
    "to_pil": true,
    "trunc_cutoff": 0,
    "trunc_psi": 1,
    "untransform": false,
    "w0_seeds": [
        [
            2487,
            1.0
        ]
    ],
    "w_load": null
}