{
    "accepted": false,
    "base_channel": 0,
    "class_idx": 0,
    "exp-confidence": 0.001124275499023497,
    "force_fp32": false,
    "img_normalize": true,
    "img_scale_db": 0,
    "input_transform": null,
    "iteration-count": 101,
    "l2_distance": 4310.345074979555,
    "l2_norm": 2888.4453442471886,
    "layer_name": null,
    "mixclass_idx": 1,
    "noise_mode": "const",
    "patch_idxs": null,
    "predicted-class": [
        2
    ],
    "predictions": [
        0.001124275499023497,
        5.276488809613511e-05,
        0.9868643879890442,
        0.0068641547113657,
        0.0023009267169982195,
        0.001913742395117879,
        0.00032150617334991693,
        0.0002505108714103699,
        0.00017385608225595206,
        0.00013388549268711358
    ],
    "random_seed": 0,
    "sel_channels": 3,
    "ssi": -0.1254536298481723,
    "stylemix_idx": [
        3,
        4,
        5,
        6
    ],
    "stylemix_seed": 9477,
    "to_pil": true,
    "trunc_cutoff": 0,
    "trunc_psi": 1,
    "untransform": false,
    "w0_seeds": [
        [
            4,
            1.0
        ]
    ],
    "w_load": null
}