{
    "accepted": false,
    "base_channel": 0,
    "class_idx": 0,
    "exp-confidence": 0.009700114838778973,
    "force_fp32": false,
    "img_normalize": true,
    "img_scale_db": 0,
    "input_transform": null,
    "iteration-count": 101,
    "l2_distance": 2077.8045593515526,
    "l2_norm": 3381.1635898384507,
    "layer_name": null,
    "mixclass_idx": 6,
    "noise_mode": "const",
    "patch_idxs": null,
    "predicted-class": [
        8
    ],
    "predictions": [
        0.009700114838778973,
        0.0007333097164519131,
        0.058897312730550766,
        0.0010405121138319373,
        0.006341889034956694,
        6.42668892396614e-05,
        0.006971455179154873,
        3.788352114497684e-05,
        0.9161176681518555,
        9.563563071424142e-05
    ],
    "random_seed": 0,
    "sel_channels": 3,
    "ssi": 0.23193525923020802,
    "stylemix_idx": [
        3,
        4,
        5,
        6
    ],
    "stylemix_seed": 38584,
    "to_pil": true,
    "trunc_cutoff": 0,
    "trunc_psi": 1,
    "untransform": false,
    "w0_seeds": [
        [
            63,
            1.0
        ]
    ],
    "w_load": null
}