{
    "accepted": false,
    "base_channel": 0,
    "class_idx": 2,
    "exp-confidence": 0.22897234559059143,
    "force_fp32": false,
    "img_normalize": true,
    "img_scale_db": 0,
    "input_transform": null,
    "iteration-count": 101,
    "l2_distance": 2117.593508391941,
    "l2_norm": 4740.029873582012,
    "layer_name": null,
    "mixclass_idx": 9,
    "noise_mode": "const",
    "patch_idxs": null,
    "predicted-class": [
        7
    ],
    "predictions": [
        0.3352656364440918,
        0.0003246992127969861,
        0.22897234559059143,
        0.01803816482424736,
        0.0015091730747371912,
        0.03486165404319763,
        0.00021356332581490278,
        0.3784022629261017,
        0.0003844803140964359,
        0.0020280524622648954
    ],
    "random_seed": 0,
    "sel_channels": 3,
    "ssi": -0.08325957533809358,
    "stylemix_idx": [
        3,
        4,
        5,
        6
    ],
    "stylemix_seed": 55304,
    "to_pil": true,
    "trunc_cutoff": 0,
    "trunc_psi": 1,
    "untransform": false,
    "w0_seeds": [
        [
            68,
            1.0
        ]
    ],
    "w_load": null
}