{
    "accepted": false,
    "base_channel": 0,
    "class_idx": 5,
    "exp-confidence": 0.4600231647491455,
    "force_fp32": false,
    "img_normalize": true,
    "img_scale_db": 0,
    "input_transform": null,
    "iteration-count": 69,
    "l2_distance": 416.44048787039185,
    "l2_norm": 6405.681846612579,
    "layer_name": null,
    "mixclass_idx": 7,
    "noise_mode": "const",
    "patch_idxs": null,
    "predicted-class": [
        7
    ],
    "predictions": [
        0.0002609644434414804,
        7.766226190142334e-06,
        0.0005844428669661283,
        0.0034026785288006067,
        0.0007392250117845833,
        0.4600231647491455,
        1.2397014870657586e-05,
        0.5349449515342712,
        3.814802312263055e-06,
        2.0622390366042964e-05
    ],
    "random_seed": 0,
    "sel_channels": 3,
    "ssi": 0.9670442914588326,
    "stylemix_idx": [
        6
    ],
    "stylemix_seed": 44414,
    "to_pil": true,
    "trunc_cutoff": 0,
    "trunc_psi": 1,
    "untransform": false,
    "w0_seeds": [
        [
            195,
            1.0
        ]
    ],
    "w_load": null
}