{
    "accepted": false,
    "base_channel": 0,
    "class_idx": 0,
    "exp-confidence": 0.04807960242033005,
    "force_fp32": false,
    "img_normalize": true,
    "img_scale_db": 0,
    "input_transform": null,
    "iteration-count": 101,
    "l2_distance": 3043.146957015405,
    "l2_norm": 3891.759938307898,
    "layer_name": null,
    "mixclass_idx": 8,
    "noise_mode": "const",
    "patch_idxs": null,
    "predicted-class": [
        8
    ],
    "predictions": [
        0.04807960242033005,
        0.0009879037970677018,
        4.971030284650624e-05,
        1.9339986465638503e-05,
        5.835404954268597e-05,
        1.8398538941255538e-06,
        1.5513586504312116e-06,
        6.603579095099121e-06,
        0.9504063725471497,
        0.0003887121274601668
    ],
    "random_seed": 0,
    "sel_channels": 3,
    "ssi": 0.01654157519005261,
    "stylemix_idx": [
        3,
        4,
        5,
        6
    ],
    "stylemix_seed": 89038,
    "to_pil": true,
    "trunc_cutoff": 0,
    "trunc_psi": 1,
    "untransform": false,
    "w0_seeds": [
        [
            0,
            1.0
        ]
    ],
    "w_load": null
}