{
    "accepted": [
        true
    ],
    "base_channel": 0,
    "class_idx": 7,
    "exp-confidence": 0.8655360341072083,
    "force_fp32": false,
    "img_normalize": true,
    "img_scale_db": 0,
    "input_transform": null,
    "l2_norm": 1929.107306502155,
    "layer_name": null,
    "mixclass_idx": null,
    "noise_mode": "const",
    "patch_idxs": null,
    "predictions": [
        2.928784233534418e-16,
        0.0,
        0.0,
        2.8609963167036356e-29,
        9.55111368844077e-26,
        0.13446395099163055,
        1.4138242985205218e-13,
        0.8655360341072083,
        0.0,
        2.059798720477346e-10
    ],
    "random_seed": 0,
    "sel_channels": 3,
    "stylemix_idx": [],
    "stylemix_seed": null,
    "to_pil": true,
    "trunc_cutoff": 0,
    "trunc_psi": 1,
    "untransform": false,
    "w0_seeds": [
        [
            2066,
            1.0
        ]
    ],
    "w_load": null
}