{
    "accepted": false,
    "base_channel": 0,
    "class_idx": 0,
    "exp-confidence": 0.26887330412864685,
    "force_fp32": false,
    "img_normalize": true,
    "img_scale_db": 0,
    "input_transform": null,
    "iteration-count": 2,
    "l2_distance": 260.3844364844028,
    "l2_norm": 3509.9621587176553,
    "layer_name": null,
    "mixclass_idx": 2,
    "noise_mode": "const",
    "patch_idxs": null,
    "predicted-class": [
        2
    ],
    "predictions": [
        0.26887330412864685,
        0.000198652152903378,
        0.7206042408943176,
        0.0006882492452859879,
        0.00047492614248767495,
        0.00035679005668498576,
        0.0004036708560306579,
        0.00011040303797926754,
        0.008266217075288296,
        2.34998224186711e-05
    ],
    "random_seed": 0,
    "sel_channels": 3,
    "ssi": 0.9503614961190558,
    "stylemix_idx": [
        7
    ],
    "stylemix_seed": 53287,
    "to_pil": true,
    "trunc_cutoff": 0,
    "trunc_psi": 1,
    "untransform": false,
    "w0_seeds": [
        [
            474,
            1.0
        ]
    ],
    "w_load": null
}