{
    "accepted": false,
    "base_channel": 0,
    "class_idx": 5,
    "exp-confidence": 0.0036843670532107353,
    "force_fp32": false,
    "img_normalize": true,
    "img_scale_db": 0,
    "input_transform": null,
    "iteration-count": 101,
    "l2_distance": 4161.438013554288,
    "l2_norm": 5159.3608979730825,
    "layer_name": null,
    "mixclass_idx": 3,
    "noise_mode": "const",
    "patch_idxs": null,
    "predicted-class": [
        3
    ],
    "predictions": [
        6.867056072223932e-05,
        1.8634389562066644e-05,
        0.0010489525739103556,
        0.9923781156539917,
        0.0017206619959324598,
        0.0036843670532107353,
        0.0007449741824530065,
        9.411278006155044e-05,
        0.00017863945686258376,
        6.286259304033592e-05
    ],
    "random_seed": 0,
    "sel_channels": 3,
    "ssi": -0.2827194408277869,
    "stylemix_idx": [
        3,
        4,
        5,
        6
    ],
    "stylemix_seed": 72743,
    "to_pil": true,
    "trunc_cutoff": 0,
    "trunc_psi": 1,
    "untransform": false,
    "w0_seeds": [
        [
            119,
            1.0
        ]
    ],
    "w_load": null
}