{
    "accepted": false,
    "base_channel": 0,
    "class_idx": 6,
    "exp-confidence": 0.1499837040901184,
    "force_fp32": false,
    "img_normalize": true,
    "img_scale_db": 0,
    "input_transform": null,
    "iteration-count": 4,
    "l2_distance": 438.5381211372051,
    "l2_norm": 3420.738327793118,
    "layer_name": null,
    "mixclass_idx": 2,
    "noise_mode": "const",
    "patch_idxs": null,
    "predicted-class": [
        2
    ],
    "predictions": [
        0.0007789983064867556,
        9.665061224950477e-05,
        0.8402750492095947,
        0.004651957657188177,
        0.0003550902765709907,
        0.0014012479223310947,
        0.1499837040901184,
        0.0005036938237026334,
        0.0018648983677849174,
        8.871983300196007e-05
    ],
    "random_seed": 0,
    "sel_channels": 3,
    "ssi": 0.9509348228898934,
    "stylemix_idx": [
        6
    ],
    "stylemix_seed": 89489,
    "to_pil": true,
    "trunc_cutoff": 0,
    "trunc_psi": 1,
    "untransform": false,
    "w0_seeds": [
        [
            234,
            1.0
        ]
    ],
    "w_load": null
}