{
    "accepted": false,
    "base_channel": 0,
    "class_idx": 0,
    "exp-confidence": 0.26224443316459656,
    "force_fp32": false,
    "img_normalize": true,
    "img_scale_db": 0,
    "input_transform": null,
    "iteration-count": 101,
    "l2_distance": 2912.8872549705884,
    "l2_norm": 3072.3107053414697,
    "layer_name": null,
    "mixclass_idx": 4,
    "noise_mode": "const",
    "patch_idxs": null,
    "predicted-class": [
        4
    ],
    "predictions": [
        0.26224443316459656,
        0.001664691255427897,
        0.013108956627547741,
        0.04976655915379524,
        0.6209750771522522,
        0.0043944851495325565,
        0.029784241691231728,
        0.004887636750936508,
        0.010770787484943867,
        0.002403091639280319
    ],
    "random_seed": 0,
    "sel_channels": 3,
    "ssi": -0.06239289691234515,
    "stylemix_idx": [
        3,
        4
    ],
    "stylemix_seed": 76370,
    "to_pil": true,
    "trunc_cutoff": 0,
    "trunc_psi": 1,
    "untransform": false,
    "w0_seeds": [
        [
            113,
            1.0
        ]
    ],
    "w_load": null
}