{
    "accepted": false,
    "base_channel": 0,
    "class_idx": 8,
    "exp-confidence": 0.09583312273025513,
    "force_fp32": false,
    "img_normalize": true,
    "img_scale_db": 0,
    "input_transform": null,
    "iteration-count": 101,
    "l2_distance": 3426.500986741263,
    "l2_norm": 4383.220093833233,
    "layer_name": null,
    "mixclass_idx": 4,
    "noise_mode": "const",
    "patch_idxs": null,
    "predicted-class": [
        1
    ],
    "predictions": [
        0.14830592274665833,
        0.21696418523788452,
        0.13785462081432343,
        0.1381598711013794,
        0.1690991222858429,
        0.02427184395492077,
        0.007001806050539017,
        0.004042872693389654,
        0.09583312273025513,
        0.05846661701798439
    ],
    "random_seed": 0,
    "sel_channels": 3,
    "ssi": -0.0462918792168553,
    "stylemix_idx": [
        3,
        4
    ],
    "stylemix_seed": 77590,
    "to_pil": true,
    "trunc_cutoff": 0,
    "trunc_psi": 1,
    "untransform": false,
    "w0_seeds": [
        [
            68,
            1.0
        ]
    ],
    "w_load": null
}