{
    "accepted": [
        false
    ],
    "base_channel": 0,
    "class_idx": 5,
    "exp-confidence": 0.026484085246920586,
    "force_fp32": false,
    "img_normalize": true,
    "img_scale_db": 0,
    "input_transform": null,
    "iteration-count": 101,
    "l2_distance": 5634.159209678051,
    "l2_norm": 2348.6183172239803,
    "layer_name": null,
    "mixclass_idx": 7,
    "noise_mode": "const",
    "patch_idxs": null,
    "predicted-class": [
        2
    ],
    "predictions": [
        0.0,
        0.0,
        0.9735158681869507,
        0.0,
        0.0,
        0.026484085246920586,
        0.0,
        4.90583310297669e-33,
        0.0,
        0.0
    ],
    "random_seed": 0,
    "sel_channels": 3,
    "ssi": 0.35095858600384056,
    "stylemix_idx": [
        3,
        4,
        5,
        6
    ],
    "stylemix_seed": 8078,
    "to_pil": true,
    "trunc_cutoff": 0,
    "trunc_psi": 1,
    "untransform": false,
    "w0_seeds": [
        [
            30,
            1.0
        ]
    ],
    "w_load": null
}