{
    "accepted": false,
    "base_channel": 0,
    "class_idx": 1,
    "exp-confidence": 0.2427913248538971,
    "force_fp32": false,
    "img_normalize": true,
    "img_scale_db": 0,
    "input_transform": null,
    "iteration-count": 101,
    "l2_distance": 2028.6928411219847,
    "l2_norm": 3854.8367799252896,
    "layer_name": null,
    "mixclass_idx": 3,
    "noise_mode": "const",
    "patch_idxs": null,
    "predicted-class": [
        9
    ],
    "predictions": [
        0.009342463687062263,
        0.2427913248538971,
        0.04953570291399956,
        0.14884355664253235,
        0.004133256617933512,
        0.08076566457748413,
        0.012921850197017193,
        0.0026028594002127647,
        0.0904693752527237,
        0.35859397053718567
    ],
    "random_seed": 0,
    "sel_channels": 3,
    "ssi": 0.3907933076897825,
    "stylemix_idx": [
        3,
        4
    ],
    "stylemix_seed": 37019,
    "to_pil": true,
    "trunc_cutoff": 0,
    "trunc_psi": 1,
    "untransform": false,
    "w0_seeds": [
        [
            3,
            1.0
        ]
    ],
    "w_load": null
}