{
    "accepted": false,
    "base_channel": 0,
    "class_idx": 8,
    "exp-confidence": 0.0020191625226289034,
    "force_fp32": false,
    "img_normalize": true,
    "img_scale_db": 0,
    "input_transform": null,
    "iteration-count": 101,
    "l2_distance": 3530.3682336817456,
    "l2_norm": 3316.425928214327,
    "layer_name": null,
    "mixclass_idx": 7,
    "noise_mode": "const",
    "patch_idxs": null,
    "predicted-class": [
        3
    ],
    "predictions": [
        0.008484743535518646,
        0.0014816599432379007,
        0.06555335968732834,
        0.39631980657577515,
        0.3680519163608551,
        0.11040946841239929,
        0.009803645312786102,
        0.03699889034032822,
        0.0020191625226289034,
        0.000877390441019088
    ],
    "random_seed": 0,
    "sel_channels": 3,
    "ssi": -0.18595756661251145,
    "stylemix_idx": [
        3,
        4,
        5,
        6
    ],
    "stylemix_seed": 89634,
    "to_pil": true,
    "trunc_cutoff": 0,
    "trunc_psi": 1,
    "untransform": false,
    "w0_seeds": [
        [
            34,
            1.0
        ]
    ],
    "w_load": null
}