{
    "accepted": [
        true
    ],
    "base_channel": 0,
    "class_idx": 0,
    "exp-confidence": 0.9999996423721313,
    "force_fp32": false,
    "img_normalize": true,
    "img_scale_db": 0,
    "input_transform": null,
    "l2_norm": 2019.8210316758264,
    "layer_name": null,
    "mixclass_idx": null,
    "noise_mode": "const",
    "patch_idxs": null,
    "predictions": [
        0.9999996423721313,
        0.0,
        0.0,
        1.408303053167248e-12,
        0.0,
        1.9888130964318407e-07,
        0.0,
        0.0,
        1.5109097262211435e-07,
        1.1080951681214765e-36
    ],
    "random_seed": 0,
    "sel_channels": 3,
    "stylemix_idx": [],
    "stylemix_seed": null,
    "to_pil": true,
    "trunc_cutoff": 0,
    "trunc_psi": 1,
    "untransform": false,
    "w0_seeds": [
        [
            2210,
            1.0
        ]
    ],
    "w_load": null
}