{
    "accepted": false,
    "base_channel": 0,
    "class_idx": 3,
    "exp-confidence": 0.011904886923730373,
    "force_fp32": false,
    "img_normalize": true,
    "img_scale_db": 0,
    "input_transform": null,
    "iteration-count": 73,
    "l2_distance": 398.4401166092465,
    "l2_norm": 4801.875536126253,
    "layer_name": null,
    "mixclass_idx": 5,
    "noise_mode": "const",
    "patch_idxs": null,
    "predicted-class": [
        5
    ],
    "predictions": [
        1.1755203559005167e-05,
        6.416856194846332e-06,
        1.5255730431817938e-05,
        0.011904886923730373,
        3.10190771415364e-05,
        0.9879725575447083,
        1.4155364624457434e-05,
        1.0769850632641464e-05,
        4.843332590098726e-06,
        2.83422432403313e-05
    ],
    "random_seed": 0,
    "sel_channels": 3,
    "ssi": 0.9514953291228376,
    "stylemix_idx": [
        5
    ],
    "stylemix_seed": 67593,
    "to_pil": true,
    "trunc_cutoff": 0,
    "trunc_psi": 1,
    "untransform": false,
    "w0_seeds": [
        [
            212,
            1.0
        ]
    ],
    "w_load": null
}