{
    "accepted": false,
    "base_channel": 0,
    "class_idx": 7,
    "exp-confidence": 0.08963940292596817,
    "force_fp32": false,
    "img_normalize": true,
    "img_scale_db": 0,
    "input_transform": null,
    "iteration-count": 101,
    "l2_distance": 3249.9704251384524,
    "l2_norm": 5379.691754286825,
    "layer_name": null,
    "mixclass_idx": 3,
    "noise_mode": "const",
    "patch_idxs": null,
    "predicted-class": [
        5
    ],
    "predictions": [
        5.4178188293008134e-05,
        1.8026317775365897e-05,
        0.006044210400432348,
        0.06260764598846436,
        0.008895732462406158,
        0.8318989872932434,
        0.0007367766811512411,
        0.08963940292596817,
        5.138933556736447e-05,
        5.357146437745541e-05
    ],
    "random_seed": 0,
    "sel_channels": 3,
    "ssi": -0.017237278152592635,
    "stylemix_idx": [
        3,
        4,
        5,
        6
    ],
    "stylemix_seed": 40525,
    "to_pil": true,
    "trunc_cutoff": 0,
    "trunc_psi": 1,
    "untransform": false,
    "w0_seeds": [
        [
            49,
            1.0
        ]
    ],
    "w_load": null
}