{
    "accepted": false,
    "base_channel": 0,
    "class_idx": 6,
    "exp-confidence": 0.07207480818033218,
    "force_fp32": false,
    "img_normalize": true,
    "img_scale_db": 0,
    "input_transform": null,
    "iteration-count": 101,
    "l2_distance": 4249.7892166132415,
    "l2_norm": 5133.253448063109,
    "layer_name": null,
    "mixclass_idx": 8,
    "noise_mode": "const",
    "patch_idxs": null,
    "predicted-class": [
        2
    ],
    "predictions": [
        0.17889679968357086,
        0.020959941670298576,
        0.5531328916549683,
        0.09642694890499115,
        0.051283348351716995,
        0.006518890615552664,
        0.07207480818033218,
        0.0004203450516797602,
        0.016200164332985878,
        0.004085861146450043
    ],
    "random_seed": 0,
    "sel_channels": 3,
    "ssi": -0.18963773680843293,
    "stylemix_idx": [
        3,
        4,
        5,
        6
    ],
    "stylemix_seed": 53381,
    "to_pil": true,
    "trunc_cutoff": 0,
    "trunc_psi": 1,
    "untransform": false,
    "w0_seeds": [
        [
            51,
            1.0
        ]
    ],
    "w_load": null
}