{
    "accepted": false,
    "base_channel": 0,
    "class_idx": 4,
    "exp-confidence": 0.1244991347193718,
    "force_fp32": false,
    "img_normalize": true,
    "img_scale_db": 0,
    "input_transform": null,
    "iteration-count": 101,
    "l2_distance": 2406.9307100039564,
    "l2_norm": 4680.643589603891,
    "layer_name": null,
    "mixclass_idx": 5,
    "noise_mode": "const",
    "patch_idxs": null,
    "predicted-class": [
        5
    ],
    "predictions": [
        1.2427159163053147e-05,
        2.523525654396508e-05,
        4.849558899877593e-05,
        0.05593870207667351,
        0.1244991347193718,
        0.8178268074989319,
        8.823321695672348e-05,
        0.0014772508293390274,
        8.399860234931111e-06,
        7.531708251917735e-05
    ],
    "random_seed": 0,
    "sel_channels": 3,
    "ssi": 0.043587733981621656,
    "stylemix_idx": [
        3,
        4,
        5,
        6
    ],
    "stylemix_seed": 67044,
    "to_pil": true,
    "trunc_cutoff": 0,
    "trunc_psi": 1,
    "untransform": false,
    "w0_seeds": [
        [
            7,
            1.0
        ]
    ],
    "w_load": null
}