{
    "accepted": false,
    "base_channel": 0,
    "class_idx": 6,
    "exp-confidence": 0.31345492601394653,
    "force_fp32": false,
    "img_normalize": true,
    "img_scale_db": 0,
    "input_transform": null,
    "iteration-count": 8,
    "l2_distance": 321.7200688733452,
    "l2_norm": 4821.494260547382,
    "layer_name": null,
    "mixclass_idx": 3,
    "noise_mode": "const",
    "patch_idxs": null,
    "predicted-class": [
        3
    ],
    "predictions": [
        4.04706624976825e-05,
        1.0784546248032711e-05,
        0.005183840170502663,
        0.67889404296875,
        0.00022601004457101226,
        0.0020016939379274845,
        0.31345492601394653,
        0.00014666430070064962,
        2.710079206735827e-05,
        1.4468374502030201e-05
    ],
    "random_seed": 0,
    "sel_channels": 3,
    "ssi": 0.9701705317252597,
    "stylemix_idx": [
        7
    ],
    "stylemix_seed": 27272,
    "to_pil": true,
    "trunc_cutoff": 0,
    "trunc_psi": 1,
    "untransform": false,
    "w0_seeds": [
        [
            452,
            1.0
        ]
    ],
    "w_load": null
}