{
    "accepted": false,
    "base_channel": 0,
    "class_idx": 8,
    "exp-confidence": 0.2757066488265991,
    "force_fp32": false,
    "img_normalize": true,
    "img_scale_db": 0,
    "input_transform": null,
    "iteration-count": 2,
    "l2_distance": 673.3372336755855,
    "l2_norm": 3946.926116087472,
    "layer_name": null,
    "mixclass_idx": 1,
    "noise_mode": "const",
    "patch_idxs": null,
    "predicted-class": [
        1
    ],
    "predictions": [
        0.0003327419108245522,
        0.7238185405731201,
        3.2352875223295996e-06,
        2.087850816678838e-06,
        1.3672313343704445e-06,
        1.2308128134463914e-06,
        8.33268757105543e-07,
        1.7657638409218634e-06,
        0.2757066488265991,
        0.00013153415056876838
    ],
    "random_seed": 0,
    "sel_channels": 3,
    "ssi": 0.9594963644970186,
    "stylemix_idx": [
        7
    ],
    "stylemix_seed": 59516,
    "to_pil": true,
    "trunc_cutoff": 0,
    "trunc_psi": 1,
    "untransform": false,
    "w0_seeds": [
        [
            884,
            1.0
        ]
    ],
    "w_load": null
}