{
    "accepted": false,
    "base_channel": 0,
    "class_idx": 3,
    "exp-confidence": 0.22963424026966095,
    "force_fp32": false,
    "img_normalize": true,
    "img_scale_db": 0,
    "input_transform": null,
    "iteration-count": 101,
    "l2_distance": 3768.0508439723994,
    "l2_norm": 4231.7840762028745,
    "layer_name": null,
    "mixclass_idx": 8,
    "noise_mode": "const",
    "patch_idxs": null,
    "predicted-class": [
        0
    ],
    "predictions": [
        0.2984274923801422,
        0.008230690844357014,
        0.0412847064435482,
        0.22963424026966095,
        0.06460412591695786,
        0.003257499076426029,
        0.2828279137611389,
        0.001608409103937447,
        0.0451924130320549,
        0.02493254654109478
    ],
    "random_seed": 0,
    "sel_channels": 3,
    "ssi": -0.05677801873844979,
    "stylemix_idx": [
        3,
        4,
        5,
        6
    ],
    "stylemix_seed": 36904,
    "to_pil": true,
    "trunc_cutoff": 0,
    "trunc_psi": 1,
    "untransform": false,
    "w0_seeds": [
        [
            140,
            1.0
        ]
    ],
    "w_load": null
}