{
    "accepted": false,
    "base_channel": 0,
    "class_idx": 7,
    "exp-confidence": 0.43875378370285034,
    "force_fp32": false,
    "img_normalize": true,
    "img_scale_db": 0,
    "input_transform": null,
    "iteration-count": 6,
    "l2_distance": 461.75791249576866,
    "l2_norm": 4774.657813557135,
    "layer_name": null,
    "mixclass_idx": 4,
    "noise_mode": "const",
    "patch_idxs": null,
    "predicted-class": [
        4
    ],
    "predictions": [
        9.682476957095787e-05,
        2.4243665393441916e-05,
        0.00040605614776723087,
        0.0001061878792825155,
        0.5593041181564331,
        0.0012441971339285374,
        1.0452219612488989e-05,
        0.43875378370285034,
        1.5579646060359664e-05,
        3.8584781577810645e-05
    ],
    "random_seed": 0,
    "sel_channels": 3,
    "ssi": 0.9628371545771187,
    "stylemix_idx": [
        7
    ],
    "stylemix_seed": 7472,
    "to_pil": true,
    "trunc_cutoff": 0,
    "trunc_psi": 1,
    "untransform": false,
    "w0_seeds": [
        [
            626,
            1.0
        ]
    ],
    "w_load": null
}