{
    "accepted": false,
    "base_channel": 0,
    "class_idx": 3,
    "exp-confidence": 0.3521433472633362,
    "force_fp32": false,
    "img_normalize": true,
    "img_scale_db": 0,
    "input_transform": null,
    "iteration-count": 15,
    "l2_distance": 175.51831829612544,
    "l2_norm": 2906.5325846635574,
    "layer_name": null,
    "mixclass_idx": 5,
    "noise_mode": "const",
    "patch_idxs": null,
    "predicted-class": [
        5
    ],
    "predictions": [
        0.002513271989300847,
        2.1804249627166428e-05,
        0.0002764219243545085,
        0.3521433472633362,
        0.0012871762737631798,
        0.6408522725105286,
        0.0006245331605896354,
        0.0019929807167500257,
        0.00017424570978619158,
        0.00011395991896279156
    ],
    "random_seed": 0,
    "sel_channels": 3,
    "ssi": 0.9857777910092684,
    "stylemix_idx": [
        7
    ],
    "stylemix_seed": 99296,
    "to_pil": true,
    "trunc_cutoff": 0,
    "trunc_psi": 1,
    "untransform": false,
    "w0_seeds": [
        [
            113,
            1.0
        ]
    ],
    "w_load": null
}