{
    "accepted": false,
    "base_channel": 0,
    "class_idx": 2,
    "exp-confidence": 0.4550820589065552,
    "force_fp32": false,
    "img_normalize": true,
    "img_scale_db": 0,
    "input_transform": null,
    "iteration-count": 101,
    "l2_distance": 1953.2191824986487,
    "l2_norm": 3983.4530142626995,
    "layer_name": null,
    "mixclass_idx": 5,
    "noise_mode": "const",
    "patch_idxs": null,
    "predicted-class": [
        5
    ],
    "predictions": [
        8.208289364119992e-05,
        1.099934979720274e-05,
        0.4550820589065552,
        0.0023064413107931614,
        9.112065890803933e-05,
        0.541802167892456,
        4.730754881165922e-05,
        0.00046912053949199617,
        5.5116463045123965e-05,
        5.35608887730632e-05
    ],
    "random_seed": 0,
    "sel_channels": 3,
    "ssi": 0.1734789303226162,
    "stylemix_idx": [
        3,
        4,
        5,
        6
    ],
    "stylemix_seed": 2753,
    "to_pil": true,
    "trunc_cutoff": 0,
    "trunc_psi": 1,
    "untransform": false,
    "w0_seeds": [
        [
            82,
            1.0
        ]
    ],
    "w_load": null
}