{
    "accepted": false,
    "base_channel": 0,
    "class_idx": 1,
    "exp-confidence": 0.493133544921875,
    "force_fp32": false,
    "img_normalize": true,
    "img_scale_db": 0,
    "input_transform": null,
    "iteration-count": 20,
    "l2_distance": 451.40416438506634,
    "l2_norm": 4191.752769329476,
    "layer_name": null,
    "mixclass_idx": 9,
    "noise_mode": "const",
    "patch_idxs": null,
    "predicted-class": [
        9
    ],
    "predictions": [
        8.822815289022401e-06,
        0.493133544921875,
        4.692259608418681e-06,
        4.0801514842314646e-06,
        2.541180208481819e-07,
        2.5982230908994097e-06,
        1.3779268783764564e-06,
        4.353873919171747e-06,
        2.3448725187336095e-05,
        0.5068167448043823
    ],
    "random_seed": 0,
    "sel_channels": 3,
    "ssi": 0.9622004538681497,
    "stylemix_idx": [
        6
    ],
    "stylemix_seed": 94830,
    "to_pil": true,
    "trunc_cutoff": 0,
    "trunc_psi": 1,
    "untransform": false,
    "w0_seeds": [
        [
            4056,
            1.0
        ]
    ],
    "w_load": null
}