{
    "accepted": false,
    "base_channel": 0,
    "class_idx": 1,
    "exp-confidence": 0.0003172969736624509,
    "force_fp32": false,
    "img_normalize": true,
    "img_scale_db": 0,
    "input_transform": null,
    "iteration-count": 101,
    "l2_distance": 2637.1409608172653,
    "l2_norm": 4836.581925581089,
    "layer_name": null,
    "mixclass_idx": 9,
    "noise_mode": "const",
    "patch_idxs": null,
    "predicted-class": [
        9
    ],
    "predictions": [
        1.6673258187438478e-06,
        0.0003172969736624509,
        4.8841940269994666e-08,
        1.6973586980384425e-07,
        7.776919552782147e-09,
        2.5002981374200317e-07,
        3.4374433965922435e-08,
        2.1866905797196523e-07,
        9.899189535644837e-06,
        0.9996703863143921
    ],
    "random_seed": 0,
    "sel_channels": 3,
    "ssi": 0.18738840495142636,
    "stylemix_idx": [
        3,
        4,
        5,
        6
    ],
    "stylemix_seed": 53019,
    "to_pil": true,
    "trunc_cutoff": 0,
    "trunc_psi": 1,
    "untransform": false,
    "w0_seeds": [
        [
            1439,
            1.0
        ]
    ],
    "w_load": null
}