{
    "accepted": false,
    "base_channel": 0,
    "class_idx": 1,
    "exp-confidence": 0.1384728103876114,
    "force_fp32": false,
    "img_normalize": true,
    "img_scale_db": 0,
    "input_transform": null,
    "iteration-count": 101,
    "l2_distance": 2223.014688217813,
    "l2_norm": 5892.547225424749,
    "layer_name": null,
    "mixclass_idx": 0,
    "noise_mode": "const",
    "patch_idxs": null,
    "predicted-class": [
        0
    ],
    "predictions": [
        0.749168336391449,
        0.1384728103876114,
        0.0009229081915691495,
        4.075970718986355e-05,
        0.00042822794057428837,
        9.818578837439418e-05,
        4.8823330871528015e-05,
        9.778359526535496e-05,
        0.10374646633863449,
        0.006975661031901836
    ],
    "random_seed": 0,
    "sel_channels": 3,
    "ssi": 0.026314044691980114,
    "stylemix_idx": [
        3,
        4,
        5,
        6
    ],
    "stylemix_seed": 51294,
    "to_pil": true,
    "trunc_cutoff": 0,
    "trunc_psi": 1,
    "untransform": false,
    "w0_seeds": [
        [
            92,
            1.0
        ]
    ],
    "w_load": null
}