{
    "accepted": false,
    "base_channel": 0,
    "class_idx": 4,
    "exp-confidence": 0.2410888969898224,
    "force_fp32": false,
    "img_normalize": true,
    "img_scale_db": 0,
    "input_transform": null,
    "iteration-count": 101,
    "l2_distance": 2601.391469793245,
    "l2_norm": 4207.510557951002,
    "layer_name": null,
    "mixclass_idx": 6,
    "noise_mode": "const",
    "patch_idxs": null,
    "predicted-class": [
        3
    ],
    "predictions": [
        0.012430180795490742,
        0.00014647570787928998,
        0.021834716200828552,
        0.5717579126358032,
        0.2410888969898224,
        0.016582854092121124,
        0.12639282643795013,
        0.00865268986672163,
        0.0008287894888781011,
        0.0002846101706381887
    ],
    "random_seed": 0,
    "sel_channels": 3,
    "ssi": -0.01406552481811904,
    "stylemix_idx": [
        3,
        4,
        5,
        6
    ],
    "stylemix_seed": 47844,
    "to_pil": true,
    "trunc_cutoff": 0,
    "trunc_psi": 1,
    "untransform": false,
    "w0_seeds": [
        [
            8,
            1.0
        ]
    ],
    "w_load": null
}