{
    "accepted": false,
    "base_channel": 0,
    "class_idx": 2,
    "exp-confidence": 0.24464206397533417,
    "force_fp32": false,
    "img_normalize": true,
    "img_scale_db": 0,
    "input_transform": null,
    "iteration-count": 101,
    "l2_distance": 2229.931497220379,
    "l2_norm": 3973.377421675087,
    "layer_name": null,
    "mixclass_idx": 9,
    "noise_mode": "const",
    "patch_idxs": null,
    "predicted-class": [
        0
    ],
    "predictions": [
        0.32099437713623047,
        0.00769302062690258,
        0.24464206397533417,
        0.03920028731226921,
        0.014841348864138126,
        0.03410574421286583,
        0.0037676433566957712,
        0.290009468793869,
        0.0035428060218691826,
        0.041203226894140244
    ],
    "random_seed": 0,
    "sel_channels": 3,
    "ssi": 0.06602394651099515,
    "stylemix_idx": [
        3,
        4,
        5,
        6
    ],
    "stylemix_seed": 70463,
    "to_pil": true,
    "trunc_cutoff": 0,
    "trunc_psi": 1,
    "untransform": false,
    "w0_seeds": [
        [
            129,
            1.0
        ]
    ],
    "w_load": null
}