{
    "accepted": false,
    "base_channel": 0,
    "class_idx": 7,
    "exp-confidence": 0.0001587277656653896,
    "force_fp32": false,
    "img_normalize": true,
    "img_scale_db": 0,
    "input_transform": null,
    "iteration-count": 101,
    "l2_distance": 3395.9928890115475,
    "l2_norm": 3645.0211632579803,
    "layer_name": null,
    "mixclass_idx": 4,
    "noise_mode": "const",
    "patch_idxs": null,
    "predicted-class": [
        4
    ],
    "predictions": [
        2.300794932352801e-07,
        2.248607842147976e-07,
        1.223075196321588e-05,
        0.00017399052740074694,
        0.9946401715278625,
        0.005009811371564865,
        3.7662214253941784e-06,
        0.0001587277656653896,
        6.079399099689908e-07,
        2.7481661390993395e-07
    ],
    "random_seed": 0,
    "sel_channels": 3,
    "ssi": -0.09960563562485529,
    "stylemix_idx": [
        3,
        4,
        5,
        6
    ],
    "stylemix_seed": 42212,
    "to_pil": true,
    "trunc_cutoff": 0,
    "trunc_psi": 1,
    "untransform": false,
    "w0_seeds": [
        [
            1161,
            1.0
        ]
    ],
    "w_load": null
}