{
    "accepted": false,
    "base_channel": 0,
    "class_idx": 0,
    "exp-confidence": 0.010896268300712109,
    "force_fp32": false,
    "img_normalize": true,
    "img_scale_db": 0,
    "input_transform": null,
    "iteration-count": 101,
    "l2_distance": 3770.1475820203555,
    "l2_norm": 2380.054252303733,
    "layer_name": null,
    "mixclass_idx": 9,
    "noise_mode": "const",
    "patch_idxs": null,
    "predicted-class": [
        2
    ],
    "predictions": [
        0.010896268300712109,
        0.0009646949474699795,
        0.9112325310707092,
        0.010659138672053814,
        0.018916592001914978,
        0.006171890534460545,
        0.03465684503316879,
        0.0016731438226997852,
        0.00325539568439126,
        0.0015735769411548972
    ],
    "random_seed": 0,
    "sel_channels": 3,
    "ssi": 0.02626764728500357,
    "stylemix_idx": [
        3,
        4
    ],
    "stylemix_seed": 44698,
    "to_pil": true,
    "trunc_cutoff": 0,
    "trunc_psi": 1,
    "untransform": false,
    "w0_seeds": [
        [
            95,
            1.0
        ]
    ],
    "w_load": null
}