{
    "accepted": false,
    "base_channel": 0,
    "class_idx": 7,
    "exp-confidence": 0.2854830026626587,
    "force_fp32": false,
    "img_normalize": true,
    "img_scale_db": 0,
    "input_transform": null,
    "iteration-count": 101,
    "l2_distance": 3482.6868759942804,
    "l2_norm": 4258.103629345033,
    "layer_name": null,
    "mixclass_idx": 6,
    "noise_mode": "const",
    "patch_idxs": null,
    "predicted-class": [
        5
    ],
    "predictions": [
        0.000794934865552932,
        0.00017503417620901018,
        0.07020965218544006,
        0.14203695952892303,
        0.11707881838083267,
        0.3294781744480133,
        0.05347318947315216,
        0.2854830026626587,
        0.0002959508856292814,
        0.000974151014816016
    ],
    "random_seed": 0,
    "sel_channels": 3,
    "ssi": -0.32044102903580574,
    "stylemix_idx": [
        3,
        4
    ],
    "stylemix_seed": 18137,
    "to_pil": true,
    "trunc_cutoff": 0,
    "trunc_psi": 1,
    "untransform": false,
    "w0_seeds": [
        [
            29,
            1.0
        ]
    ],
    "w_load": null
}