{
    "accepted": false,
    "base_channel": 0,
    "class_idx": 9,
    "exp-confidence": 0.07800363004207611,
    "force_fp32": false,
    "img_normalize": true,
    "img_scale_db": 0,
    "input_transform": null,
    "iteration-count": 101,
    "l2_distance": 2328.586787209684,
    "l2_norm": 4572.051190585937,
    "layer_name": null,
    "mixclass_idx": 1,
    "noise_mode": "const",
    "patch_idxs": null,
    "predicted-class": [
        1
    ],
    "predictions": [
        1.821613113861531e-05,
        0.9217591881752014,
        1.7674994978733594e-06,
        3.89970500691561e-06,
        5.138014671501878e-07,
        2.16649846151995e-06,
        2.069277570626582e-06,
        2.5470321816101205e-06,
        0.00020591061911545694,
        0.07800363004207611
    ],
    "random_seed": 0,
    "sel_channels": 3,
    "ssi": 0.3159303785535669,
    "stylemix_idx": [
        3,
        4,
        5,
        6
    ],
    "stylemix_seed": 85784,
    "to_pil": true,
    "trunc_cutoff": 0,
    "trunc_psi": 1,
    "untransform": false,
    "w0_seeds": [
        [
            341,
            1.0
        ]
    ],
    "w_load": null
}