{
    "accepted": false,
    "base_channel": 0,
    "class_idx": 8,
    "exp-confidence": 0.17915156483650208,
    "force_fp32": false,
    "img_normalize": true,
    "img_scale_db": 0,
    "input_transform": null,
    "iteration-count": 101,
    "l2_distance": 2199.1679497930986,
    "l2_norm": 5722.532500493621,
    "layer_name": null,
    "mixclass_idx": 2,
    "noise_mode": "const",
    "patch_idxs": null,
    "predicted-class": [
        0
    ],
    "predictions": [
        0.6253764033317566,
        0.0063927206210792065,
        0.059794988483190536,
        0.004555806051939726,
        0.11946925520896912,
        0.00035439073690213263,
        0.00019572305609472096,
        0.0016934984596446157,
        0.17915156483650208,
        0.0030156769789755344
    ],
    "random_seed": 0,
    "sel_channels": 3,
    "ssi": 0.022628716425346838,
    "stylemix_idx": [
        3,
        4,
        5,
        6
    ],
    "stylemix_seed": 99002,
    "to_pil": true,
    "trunc_cutoff": 0,
    "trunc_psi": 1,
    "untransform": false,
    "w0_seeds": [
        [
            67,
            1.0
        ]
    ],
    "w_load": null
}