{
    "accepted": false,
    "base_channel": 0,
    "class_idx": 3,
    "exp-confidence": 0.4718165099620819,
    "force_fp32": false,
    "img_normalize": true,
    "img_scale_db": 0,
    "input_transform": null,
    "iteration-count": 1,
    "l2_distance": 209.3072350376116,
    "l2_norm": 2178.7263810005174,
    "layer_name": null,
    "mixclass_idx": 5,
    "noise_mode": "const",
    "patch_idxs": null,
    "predicted-class": [
        5
    ],
    "predictions": [
        7.949596329126507e-05,
        5.834089279233012e-06,
        0.0001989033626159653,
        0.4718165099620819,
        0.0006280923262238503,
        0.5269186496734619,
        5.530133057618514e-05,
        0.00022053075372241437,
        4.033749792142771e-05,
        3.640308932517655e-05
    ],
    "random_seed": 0,
    "sel_channels": 3,
    "ssi": 0.9848225025157312,
    "stylemix_idx": [
        7
    ],
    "stylemix_seed": 7042,
    "to_pil": true,
    "trunc_cutoff": 0,
    "trunc_psi": 1,
    "untransform": false,
    "w0_seeds": [
        [
            100,
            1.0
        ]
    ],
    "w_load": null
}