{
    "accepted": false,
    "base_channel": 0,
    "class_idx": 3,
    "exp-confidence": 0.06477782875299454,
    "force_fp32": false,
    "img_normalize": true,
    "img_scale_db": 0,
    "input_transform": null,
    "iteration-count": 1,
    "l2_distance": 382.86158474093486,
    "l2_norm": 4117.993686604343,
    "layer_name": null,
    "mixclass_idx": 2,
    "noise_mode": "const",
    "patch_idxs": null,
    "predicted-class": [
        2
    ],
    "predictions": [
        5.1095903472742066e-05,
        1.857695315266028e-05,
        0.9335936903953552,
        0.06477782875299454,
        0.00016696806414984167,
        0.0010974016040563583,
        1.5487556083826348e-05,
        0.00025738481781445444,
        1.532830356154591e-05,
        6.312249297479866e-06
    ],
    "random_seed": 0,
    "sel_channels": 3,
    "ssi": 0.9547897714530719,
    "stylemix_idx": [
        7
    ],
    "stylemix_seed": 76393,
    "to_pil": true,
    "trunc_cutoff": 0,
    "trunc_psi": 1,
    "untransform": false,
    "w0_seeds": [
        [
            206,
            1.0
        ]
    ],
    "w_load": null
}