{
    "accepted": false,
    "base_channel": 0,
    "class_idx": 3,
    "exp-confidence": 0.39952322840690613,
    "force_fp32": false,
    "img_normalize": true,
    "img_scale_db": 0,
    "input_transform": null,
    "iteration-count": 101,
    "l2_distance": 3194.130789752376,
    "l2_norm": 3412.0110866003233,
    "layer_name": null,
    "mixclass_idx": 5,
    "noise_mode": "const",
    "patch_idxs": null,
    "predicted-class": [
        5
    ],
    "predictions": [
        0.00032674529938958585,
        4.457238901522942e-05,
        0.000776478264015168,
        0.39952322840690613,
        0.0018521923338994384,
        0.5960999131202698,
        0.00012630439596250653,
        0.0005969537305645645,
        0.000499724643304944,
        0.00015381278353743255
    ],
    "random_seed": 0,
    "sel_channels": 3,
    "ssi": -0.18813471946049626,
    "stylemix_idx": [
        3,
        4,
        5,
        6
    ],
    "stylemix_seed": 70217,
    "to_pil": true,
    "trunc_cutoff": 0,
    "trunc_psi": 1,
    "untransform": false,
    "w0_seeds": [
        [
            44,
            1.0
        ]
    ],
    "w_load": null
}