{
    "accepted": false,
    "base_channel": 0,
    "class_idx": 5,
    "exp-confidence": 0.07103953510522842,
    "force_fp32": false,
    "img_normalize": true,
    "img_scale_db": 0,
    "input_transform": null,
    "iteration-count": 101,
    "l2_distance": 3143.6507736329995,
    "l2_norm": 3969.3527505940647,
    "layer_name": null,
    "mixclass_idx": 6,
    "noise_mode": "const",
    "patch_idxs": null,
    "predicted-class": [
        4
    ],
    "predictions": [
        4.152996916673146e-05,
        2.314301127626095e-05,
        0.010955290868878365,
        0.02278008498251438,
        0.8705326318740845,
        0.07103953510522842,
        0.023147674277424812,
        0.0012811830965802073,
        4.997102951165289e-05,
        0.0001490181457484141
    ],
    "random_seed": 0,
    "sel_channels": 3,
    "ssi": -0.1371169189424325,
    "stylemix_idx": [
        3,
        4
    ],
    "stylemix_seed": 52240,
    "to_pil": true,
    "trunc_cutoff": 0,
    "trunc_psi": 1,
    "untransform": false,
    "w0_seeds": [
        [
            47,
            1.0
        ]
    ],
    "w_load": null
}