{
    "accepted": false,
    "base_channel": 0,
    "class_idx": 2,
    "exp-confidence": 0.23008058965206146,
    "force_fp32": false,
    "img_normalize": true,
    "img_scale_db": 0,
    "input_transform": null,
    "iteration-count": 7,
    "l2_distance": 316.30461059303263,
    "l2_norm": 4747.09335097777,
    "layer_name": null,
    "mixclass_idx": 4,
    "noise_mode": "const",
    "patch_idxs": null,
    "predicted-class": [
        4
    ],
    "predictions": [
        0.0004899206687696278,
        1.4135378478385974e-05,
        0.23008058965206146,
        0.0023696881253272295,
        0.7649111747741699,
        0.0005609388463199139,
        0.0001759799779392779,
        0.00024067492631729692,
        0.0011212668614462018,
        3.55548836523667e-05
    ],
    "random_seed": 0,
    "sel_channels": 3,
    "ssi": 0.9675550317678545,
    "stylemix_idx": [
        7
    ],
    "stylemix_seed": 76329,
    "to_pil": true,
    "trunc_cutoff": 0,
    "trunc_psi": 1,
    "untransform": false,
    "w0_seeds": [
        [
            298,
            1.0
        ]
    ],
    "w_load": null
}