{
    "accepted": false,
    "base_channel": 0,
    "class_idx": 1,
    "exp-confidence": 0.2775545120239258,
    "force_fp32": false,
    "img_normalize": true,
    "img_scale_db": 0,
    "input_transform": null,
    "iteration-count": 10,
    "l2_distance": 506.9689952321936,
    "l2_norm": 4539.763841223084,
    "layer_name": null,
    "mixclass_idx": 9,
    "noise_mode": "const",
    "patch_idxs": null,
    "predicted-class": [
        9
    ],
    "predictions": [
        9.915715963870753e-06,
        0.2775545120239258,
        6.735360216225672e-07,
        2.1945911612419877e-06,
        2.5816723336902214e-07,
        1.5167731817200547e-06,
        1.17175409286574e-06,
        2.2772569536755327e-06,
        5.462123590405099e-05,
        0.7223727703094482
    ],
    "random_seed": 0,
    "sel_channels": 3,
    "ssi": 0.9573648393154922,
    "stylemix_idx": [
        6
    ],
    "stylemix_seed": 31907,
    "to_pil": true,
    "trunc_cutoff": 0,
    "trunc_psi": 1,
    "untransform": false,
    "w0_seeds": [
        [
            2633,
            1.0
        ]
    ],
    "w_load": null
}