{
    "accepted": false,
    "base_channel": 0,
    "class_idx": 2,
    "exp-confidence": 1.8646305761649273e-05,
    "force_fp32": false,
    "img_normalize": true,
    "img_scale_db": 0,
    "input_transform": null,
    "iteration-count": 101,
    "l2_distance": 1950.5515220011262,
    "l2_norm": 4555.281519674544,
    "layer_name": null,
    "mixclass_idx": 9,
    "noise_mode": "const",
    "patch_idxs": null,
    "predicted-class": [
        9
    ],
    "predictions": [
        0.0004868119431193918,
        0.0013498240150511265,
        1.8646305761649273e-05,
        0.00013870050315745175,
        7.028761956462404e-06,
        8.1494636106072e-06,
        7.585168987134239e-06,
        7.209772320493357e-06,
        0.0026110762264579535,
        0.9953649044036865
    ],
    "random_seed": 0,
    "sel_channels": 3,
    "ssi": 0.043603284295315,
    "stylemix_idx": [
        3,
        4,
        5,
        6
    ],
    "stylemix_seed": 61295,
    "to_pil": true,
    "trunc_cutoff": 0,
    "trunc_psi": 1,
    "untransform": false,
    "w0_seeds": [
        [
            82,
            1.0
        ]
    ],
    "w_load": null
}