{
    "accepted": false,
    "base_channel": 0,
    "class_idx": 4,
    "exp-confidence": 0.34881681203842163,
    "force_fp32": false,
    "img_normalize": true,
    "img_scale_db": 0,
    "input_transform": null,
    "iteration-count": 19,
    "l2_distance": 448.38545223100186,
    "l2_norm": 5626.2584181231205,
    "layer_name": null,
    "mixclass_idx": 7,
    "noise_mode": "const",
    "patch_idxs": null,
    "predicted-class": [
        7
    ],
    "predictions": [
        2.5958821424865164e-05,
        4.195147084828932e-06,
        0.00039289690903387964,
        2.1451342036016285e-05,
        0.34881681203842163,
        0.0030193307902663946,
        3.970733814639971e-06,
        0.6476947665214539,
        3.465995405349531e-06,
        1.7104930520872585e-05
    ],
    "random_seed": 0,
    "sel_channels": 3,
    "ssi": 0.9504346831201125,
    "stylemix_idx": [
        7
    ],
    "stylemix_seed": 47991,
    "to_pil": true,
    "trunc_cutoff": 0,
    "trunc_psi": 1,
    "untransform": false,
    "w0_seeds": [
        [
            546,
            1.0
        ]
    ],
    "w_load": null
}