{
    "accepted": false,
    "base_channel": 0,
    "class_idx": 5,
    "exp-confidence": 0.4558204412460327,
    "force_fp32": false,
    "img_normalize": true,
    "img_scale_db": 0,
    "input_transform": null,
    "iteration-count": 101,
    "l2_distance": 2835.901444279795,
    "l2_norm": 4183.123380557699,
    "layer_name": null,
    "mixclass_idx": 2,
    "noise_mode": "const",
    "patch_idxs": null,
    "predicted-class": [
        3
    ],
    "predictions": [
        0.00014310794358607382,
        0.00016110556316561997,
        0.0030668245162814856,
        0.5390687584877014,
        0.000369424611562863,
        0.4558204412460327,
        0.000962413614615798,
        0.00012359402899164706,
        0.00010428008681628853,
        0.0001800686732167378
    ],
    "random_seed": 0,
    "sel_channels": 3,
    "ssi": -0.04358485269718854,
    "stylemix_idx": [
        3,
        4,
        5,
        6
    ],
    "stylemix_seed": 79909,
    "to_pil": true,
    "trunc_cutoff": 0,
    "trunc_psi": 1,
    "untransform": false,
    "w0_seeds": [
        [
            90,
            1.0
        ]
    ],
    "w_load": null
}