{
    "accepted": false,
    "base_channel": 0,
    "class_idx": 9,
    "exp-confidence": 0.004882751032710075,
    "force_fp32": false,
    "img_normalize": true,
    "img_scale_db": 0,
    "input_transform": null,
    "iteration-count": 101,
    "l2_distance": 2120.5997140751315,
    "l2_norm": 3354.6817323580667,
    "layer_name": null,
    "mixclass_idx": 5,
    "noise_mode": "const",
    "patch_idxs": null,
    "predicted-class": [
        1
    ],
    "predictions": [
        0.006079403217881918,
        0.9238304495811462,
        0.00019143287499900907,
        0.00396751007065177,
        0.0001106627460103482,
        0.045894090086221695,
        0.0007389882230199873,
        6.973238487262279e-05,
        0.014234906062483788,
        0.004882751032710075
    ],
    "random_seed": 0,
    "sel_channels": 3,
    "ssi": 0.09717168483151858,
    "stylemix_idx": [
        3,
        4
    ],
    "stylemix_seed": 892,
    "to_pil": true,
    "trunc_cutoff": 0,
    "trunc_psi": 1,
    "untransform": false,
    "w0_seeds": [
        [
            9,
            1.0
        ]
    ],
    "w_load": null
}