{
    "accepted": false,
    "base_channel": 0,
    "class_idx": 8,
    "exp-confidence": 0.0007758724968880415,
    "force_fp32": false,
    "img_normalize": true,
    "img_scale_db": 0,
    "input_transform": null,
    "iteration-count": 101,
    "l2_distance": 2373.008164143887,
    "l2_norm": 3584.100900455188,
    "layer_name": null,
    "mixclass_idx": 1,
    "noise_mode": "const",
    "patch_idxs": null,
    "predicted-class": [
        1
    ],
    "predictions": [
        0.00020993297221139073,
        0.998859167098999,
        3.0207288546080235e-06,
        3.868850853905315e-06,
        2.097964397762553e-06,
        1.1880185866175452e-06,
        2.133135694748489e-06,
        2.44429020312964e-06,
        0.0007758724968880415,
        0.0001402163616148755
    ],
    "random_seed": 0,
    "sel_channels": 3,
    "ssi": 0.03409347933918945,
    "stylemix_idx": [
        3,
        4,
        5,
        6
    ],
    "stylemix_seed": 59035,
    "to_pil": true,
    "trunc_cutoff": 0,
    "trunc_psi": 1,
    "untransform": false,
    "w0_seeds": [
        [
            979,
            1.0
        ]
    ],
    "w_load": null
}