{
    "accepted": false,
    "base_channel": 0,
    "class_idx": 1,
    "exp-confidence": 0.005732842721045017,
    "force_fp32": false,
    "img_normalize": true,
    "img_scale_db": 0,
    "input_transform": null,
    "iteration-count": 101,
    "l2_distance": 3245.928718145058,
    "l2_norm": 4771.352783234874,
    "layer_name": null,
    "mixclass_idx": 4,
    "noise_mode": "const",
    "patch_idxs": null,
    "predicted-class": [
        8
    ],
    "predictions": [
        0.01739182323217392,
        0.005732842721045017,
        0.030098671093583107,
        0.00549998227506876,
        0.016542954370379448,
        0.0005270939436741173,
        0.00027095494442619383,
        0.00043569953413680196,
        0.9020654559135437,
        0.021434640511870384
    ],
    "random_seed": 0,
    "sel_channels": 3,
    "ssi": -0.09039196440257291,
    "stylemix_idx": [
        3,
        4,
        5,
        6
    ],
    "stylemix_seed": 83132,
    "to_pil": true,
    "trunc_cutoff": 0,
    "trunc_psi": 1,
    "untransform": false,
    "w0_seeds": [
        [
            18,
            1.0
        ]
    ],
    "w_load": null
}