{
    "accepted": false,
    "base_channel": 0,
    "class_idx": 4,
    "exp-confidence": 0.4153917729854584,
    "force_fp32": false,
    "img_normalize": true,
    "img_scale_db": 0,
    "input_transform": null,
    "iteration-count": 78,
    "l2_distance": 357.48073016324946,
    "l2_norm": 2791.8251254900692,
    "layer_name": null,
    "mixclass_idx": 7,
    "noise_mode": "const",
    "patch_idxs": null,
    "predicted-class": [
        7
    ],
    "predictions": [
        2.0832938389503397e-05,
        5.8182954489893746e-06,
        0.00015416053065564483,
        3.9071033825166523e-05,
        0.4153917729854584,
        4.879066182184033e-05,
        6.6442644310882315e-06,
        0.5843204855918884,
        2.9050704597466392e-06,
        9.489346666669007e-06
    ],
    "random_seed": 0,
    "sel_channels": 3,
    "ssi": 0.9541641646899434,
    "stylemix_idx": [
        5
    ],
    "stylemix_seed": 78307,
    "to_pil": true,
    "trunc_cutoff": 0,
    "trunc_psi": 1,
    "untransform": false,
    "w0_seeds": [
        [
            699,
            1.0
        ]
    ],
    "w_load": null
}