{
    "accepted": false,
    "base_channel": 0,
    "class_idx": 0,
    "exp-confidence": 0.0004335558624006808,
    "force_fp32": false,
    "img_normalize": true,
    "img_scale_db": 0,
    "input_transform": null,
    "iteration-count": 101,
    "l2_distance": 2434.0109896415443,
    "l2_norm": 4000.5625321206203,
    "layer_name": null,
    "mixclass_idx": 6,
    "noise_mode": "const",
    "patch_idxs": null,
    "predicted-class": [
        2
    ],
    "predictions": [
        0.0004335558624006808,
        5.216817953623831e-05,
        0.5353055000305176,
        0.0002137081464752555,
        0.10231544077396393,
        4.291900040698238e-05,
        0.3611839711666107,
        0.00021568119700532407,
        0.00016202083497773856,
        7.499118510168046e-05
    ],
    "random_seed": 0,
    "sel_channels": 3,
    "ssi": 0.09986305348259522,
    "stylemix_idx": [
        3,
        4,
        5,
        6
    ],
    "stylemix_seed": 40119,
    "to_pil": true,
    "trunc_cutoff": 0,
    "trunc_psi": 1,
    "untransform": false,
    "w0_seeds": [
        [
            63,
            1.0
        ]
    ],
    "w_load": null
}