{
    "accepted": false,
    "base_channel": 0,
    "class_idx": 5,
    "exp-confidence": 0.001296307658776641,
    "force_fp32": false,
    "img_normalize": true,
    "img_scale_db": 0,
    "input_transform": null,
    "iteration-count": 101,
    "l2_distance": 4448.818801727464,
    "l2_norm": 5563.557349107302,
    "layer_name": null,
    "mixclass_idx": 3,
    "noise_mode": "const",
    "patch_idxs": null,
    "predicted-class": [
        3
    ],
    "predictions": [
        3.6264773370930925e-06,
        4.235834865085053e-07,
        6.297069830907276e-06,
        0.9986043572425842,
        3.659330468508415e-05,
        0.001296307658776641,
        2.3129610781325027e-05,
        2.4578035663580522e-05,
        2.210508910138742e-06,
        2.469135324645322e-06
    ],
    "random_seed": 0,
    "sel_channels": 3,
    "ssi": -0.2701284971159452,
    "stylemix_idx": [
        3,
        4,
        5,
        6
    ],
    "stylemix_seed": 71683,
    "to_pil": true,
    "trunc_cutoff": 0,
    "trunc_psi": 1,
    "untransform": false,
    "w0_seeds": [
        [
            111,
            1.0
        ]
    ],
    "w_load": null
}