{
    "accepted": false,
    "base_channel": 0,
    "class_idx": 8,
    "exp-confidence": 0.00026047564460895956,
    "force_fp32": false,
    "img_normalize": true,
    "img_scale_db": 0,
    "input_transform": null,
    "iteration-count": 101,
    "l2_distance": 4208.235765557647,
    "l2_norm": 5271.090873314242,
    "layer_name": null,
    "mixclass_idx": 5,
    "noise_mode": "const",
    "patch_idxs": null,
    "predicted-class": [
        5
    ],
    "predictions": [
        0.0002444278507027775,
        4.53919847132056e-06,
        0.017787018790841103,
        0.0004927291302010417,
        6.780089461244643e-05,
        0.9806442260742188,
        0.00033541687298566103,
        3.485544220893644e-05,
        0.00026047564460895956,
        0.00012853191583417356
    ],
    "random_seed": 0,
    "sel_channels": 3,
    "ssi": -0.17560545573758676,
    "stylemix_idx": [
        3,
        4,
        5,
        6
    ],
    "stylemix_seed": 98242,
    "to_pil": true,
    "trunc_cutoff": 0,
    "trunc_psi": 1,
    "untransform": false,
    "w0_seeds": [
        [
            60,
            1.0
        ]
    ],
    "w_load": null
}