{
    "accepted": false,
    "base_channel": 0,
    "class_idx": 9,
    "exp-confidence": 0.2749881148338318,
    "force_fp32": false,
    "img_normalize": true,
    "img_scale_db": 0,
    "input_transform": null,
    "iteration-count": 1,
    "l2_distance": 304.8555364025065,
    "l2_norm": 4208.457914336369,
    "layer_name": null,
    "mixclass_idx": 1,
    "noise_mode": "const",
    "patch_idxs": null,
    "predicted-class": [
        1
    ],
    "predictions": [
        9.513802797300741e-05,
        0.7240827083587646,
        1.0693599506339524e-05,
        1.3061712706985418e-05,
        5.940772780377301e-07,
        4.936747700412525e-06,
        2.760054712780402e-06,
        8.210938176489435e-06,
        0.0007938863709568977,
        0.2749881148338318
    ],
    "random_seed": 0,
    "sel_channels": 3,
    "ssi": 0.9812247774699161,
    "stylemix_idx": [
        6
    ],
    "stylemix_seed": 48676,
    "to_pil": true,
    "trunc_cutoff": 0,
    "trunc_psi": 1,
    "untransform": false,
    "w0_seeds": [
        [
            244,
            1.0
        ]
    ],
    "w_load": null
}