{
    "accepted": false,
    "base_channel": 0,
    "class_idx": 9,
    "exp-confidence": 0.37554091215133667,
    "force_fp32": false,
    "img_normalize": true,
    "img_scale_db": 0,
    "input_transform": null,
    "iteration-count": 70,
    "l2_distance": 375.5165785440904,
    "l2_norm": 4181.880792078419,
    "layer_name": null,
    "mixclass_idx": 1,
    "noise_mode": "const",
    "patch_idxs": null,
    "predicted-class": [
        1
    ],
    "predictions": [
        0.0007176619255915284,
        0.6233701705932617,
        2.7918904379475862e-05,
        3.6288940464146435e-05,
        1.360712531095487e-06,
        9.86551312962547e-05,
        2.840775778167881e-06,
        7.59506001486443e-05,
        0.0001282367593375966,
        0.37554091215133667
    ],
    "random_seed": 0,
    "sel_channels": 3,
    "ssi": 0.9563187664024199,
    "stylemix_idx": [
        6
    ],
    "stylemix_seed": 88216,
    "to_pil": true,
    "trunc_cutoff": 0,
    "trunc_psi": 1,
    "untransform": false,
    "w0_seeds": [
        [
            138,
            1.0
        ]
    ],
    "w_load": null
}