{
    "accepted": false,
    "base_channel": 0,
    "class_idx": 0,
    "exp-confidence": 0.039537642151117325,
    "force_fp32": false,
    "img_normalize": true,
    "img_scale_db": 0,
    "input_transform": null,
    "iteration-count": 101,
    "l2_distance": 3948.227787753138,
    "l2_norm": 4085.2113380951982,
    "layer_name": null,
    "mixclass_idx": 8,
    "noise_mode": "const",
    "patch_idxs": null,
    "predicted-class": [
        8
    ],
    "predictions": [
        0.039537642151117325,
        0.0004199901013635099,
        6.418320845114067e-05,
        3.194605596945621e-05,
        6.620802741963416e-05,
        4.976240688847611e-06,
        6.028560164850205e-06,
        8.829151738609653e-06,
        0.9584928750991821,
        0.0013674128567799926
    ],
    "random_seed": 0,
    "sel_channels": 3,
    "ssi": 0.005998840084273168,
    "stylemix_idx": [
        3,
        4,
        5,
        6
    ],
    "stylemix_seed": 89836,
    "to_pil": true,
    "trunc_cutoff": 0,
    "trunc_psi": 1,
    "untransform": false,
    "w0_seeds": [
        [
            129,
            1.0
        ]
    ],
    "w_load": null
}