{
    "accepted": false,
    "base_channel": 0,
    "class_idx": 5,
    "exp-confidence": 0.15168847143650055,
    "force_fp32": false,
    "img_normalize": true,
    "img_scale_db": 0,
    "input_transform": null,
    "iteration-count": 101,
    "l2_distance": 3528.614696918456,
    "l2_norm": 5267.945083253,
    "layer_name": null,
    "mixclass_idx": 3,
    "noise_mode": "const",
    "patch_idxs": null,
    "predicted-class": [
        3
    ],
    "predictions": [
        6.007157571730204e-05,
        8.414548210566863e-05,
        0.00461157038807869,
        0.8430790901184082,
        2.036151818174403e-05,
        0.15168847143650055,
        0.00023346698435489088,
        9.465224866289645e-05,
        3.933006155421026e-05,
        8.876293577486649e-05
    ],
    "random_seed": 0,
    "sel_channels": 3,
    "ssi": -0.18802926687772364,
    "stylemix_idx": [
        3,
        4,
        5,
        6
    ],
    "stylemix_seed": 42621,
    "to_pil": true,
    "trunc_cutoff": 0,
    "trunc_psi": 1,
    "untransform": false,
    "w0_seeds": [
        [
            2,
            1.0
        ]
    ],
    "w_load": null
}