{
    "accepted": false,
    "base_channel": 0,
    "class_idx": 2,
    "exp-confidence": 0.3154246211051941,
    "force_fp32": false,
    "img_normalize": true,
    "img_scale_db": 0,
    "input_transform": null,
    "iteration-count": 101,
    "l2_distance": 2622.0472564564143,
    "l2_norm": 4354.4689044245615,
    "layer_name": null,
    "mixclass_idx": 1,
    "noise_mode": "const",
    "patch_idxs": null,
    "predicted-class": [
        5
    ],
    "predictions": [
        0.0005047616432420909,
        0.00011280936450930312,
        0.3154246211051941,
        0.07908818125724792,
        0.0010784572223201394,
        0.5995759963989258,
        0.0023398310877382755,
        0.0016439796891063452,
        6.899832806084305e-05,
        0.0001623843127163127
    ],
    "random_seed": 0,
    "sel_channels": 3,
    "ssi": 0.07874443359244795,
    "stylemix_idx": [
        3,
        4,
        5,
        6
    ],
    "stylemix_seed": 25071,
    "to_pil": true,
    "trunc_cutoff": 0,
    "trunc_psi": 1,
    "untransform": false,
    "w0_seeds": [
        [
            36,
            1.0
        ]
    ],
    "w_load": null
}