{
    "accepted": false,
    "base_channel": 0,
    "class_idx": 4,
    "exp-confidence": 0.19990283250808716,
    "force_fp32": false,
    "img_normalize": true,
    "img_scale_db": 0,
    "input_transform": null,
    "iteration-count": 101,
    "l2_distance": 2985.245350677287,
    "l2_norm": 5854.540990413594,
    "layer_name": null,
    "mixclass_idx": 7,
    "noise_mode": "const",
    "patch_idxs": null,
    "predicted-class": [
        7
    ],
    "predictions": [
        2.3358346879831515e-05,
        8.53177971293917e-06,
        0.0002489887410774827,
        4.8207301006186754e-05,
        0.19990283250808716,
        0.0006316954968497157,
        3.2312495932274032e-06,
        0.7990936636924744,
        1.682684160186909e-05,
        2.2669155441690236e-05
    ],
    "random_seed": 0,
    "sel_channels": 3,
    "ssi": -0.1796737084140284,
    "stylemix_idx": [
        3,
        4,
        5,
        6
    ],
    "stylemix_seed": 8326,
    "to_pil": true,
    "trunc_cutoff": 0,
    "trunc_psi": 1,
    "untransform": false,
    "w0_seeds": [
        [
            366,
            1.0
        ]
    ],
    "w_load": null
}