{
    "accepted": false,
    "base_channel": 0,
    "class_idx": 3,
    "exp-confidence": 0.3329724967479706,
    "force_fp32": false,
    "img_normalize": true,
    "img_scale_db": 0,
    "input_transform": null,
    "iteration-count": 101,
    "l2_distance": 3506.6511922292625,
    "l2_norm": 4135.930527574612,
    "layer_name": null,
    "mixclass_idx": 7,
    "noise_mode": "const",
    "patch_idxs": null,
    "predicted-class": [
        5
    ],
    "predictions": [
        0.00013944314559921622,
        3.8329097151290625e-05,
        0.0006417554104700685,
        0.3329724967479706,
        0.007239198312163353,
        0.6527453064918518,
        0.0031307637691497803,
        0.0019274026853963733,
        0.00039283104706555605,
        0.0007724753231741488
    ],
    "random_seed": 0,
    "sel_channels": 3,
    "ssi": -0.022511127394346256,
    "stylemix_idx": [
        3,
        4,
        5,
        6
    ],
    "stylemix_seed": 53258,
    "to_pil": true,
    "trunc_cutoff": 0,
    "trunc_psi": 1,
    "untransform": false,
    "w0_seeds": [
        [
            163,
            1.0
        ]
    ],
    "w_load": null
}