{
    "accepted": false,
    "base_channel": 0,
    "class_idx": 2,
    "exp-confidence": 0.2365700751543045,
    "force_fp32": false,
    "img_normalize": true,
    "img_scale_db": 0,
    "input_transform": null,
    "iteration-count": 3,
    "l2_distance": 315.29152770386963,
    "l2_norm": 4222.953600892658,
    "layer_name": null,
    "mixclass_idx": 4,
    "noise_mode": "const",
    "patch_idxs": null,
    "predicted-class": [
        4
    ],
    "predictions": [
        0.0008329222910106182,
        0.00014978009858168662,
        0.2365700751543045,
        0.0030309827998280525,
        0.7336130142211914,
        0.01701260916888714,
        0.007936250418424606,
        0.0006704697152599692,
        0.00012164384679635987,
        6.23152736807242e-05
    ],
    "random_seed": 0,
    "sel_channels": 3,
    "ssi": 0.9548243810081066,
    "stylemix_idx": [
        6
    ],
    "stylemix_seed": 55218,
    "to_pil": true,
    "trunc_cutoff": 0,
    "trunc_psi": 1,
    "untransform": false,
    "w0_seeds": [
        [
            79,
            1.0
        ]
    ],
    "w_load": null
}