{
    "accepted": false,
    "base_channel": 0,
    "class_idx": 4,
    "exp-confidence": 0.10946494340896606,
    "force_fp32": false,
    "img_normalize": true,
    "img_scale_db": 0,
    "input_transform": null,
    "iteration-count": 101,
    "l2_distance": 3516.0679261587284,
    "l2_norm": 6023.437740725344,
    "layer_name": null,
    "mixclass_idx": 2,
    "noise_mode": "const",
    "patch_idxs": null,
    "predicted-class": [
        2
    ],
    "predictions": [
        0.0781828835606575,
        3.620716233854182e-05,
        0.8002448081970215,
        0.006061035208404064,
        0.10946494340896606,
        0.004703212063759565,
        0.00013031676644459367,
        0.0007095551700331271,
        0.00038898162893019617,
        7.798307342454791e-05
    ],
    "random_seed": 0,
    "sel_channels": 3,
    "ssi": 0.047650654009779886,
    "stylemix_idx": [
        3,
        4,
        5,
        6
    ],
    "stylemix_seed": 81391,
    "to_pil": true,
    "trunc_cutoff": 0,
    "trunc_psi": 1,
    "untransform": false,
    "w0_seeds": [
        [
            492,
            1.0
        ]
    ],
    "w_load": null
}