{
    "accepted": false,
    "base_channel": 0,
    "class_idx": 3,
    "exp-confidence": 0.4295681416988373,
    "force_fp32": false,
    "img_normalize": true,
    "img_scale_db": 0,
    "input_transform": null,
    "iteration-count": 101,
    "l2_distance": 2981.9950359994896,
    "l2_norm": 3762.4898888816615,
    "layer_name": null,
    "mixclass_idx": 7,
    "noise_mode": "const",
    "patch_idxs": null,
    "predicted-class": [
        5
    ],
    "predictions": [
        0.0007304060854949057,
        7.705725147388875e-05,
        0.009169680066406727,
        0.4295681416988373,
        0.01721862703561783,
        0.4877096116542816,
        0.0009480404551140964,
        0.05376342684030533,
        0.00032783622737042606,
        0.00048720446648076177
    ],
    "random_seed": 0,
    "sel_channels": 3,
    "ssi": -0.02837106806637509,
    "stylemix_idx": [
        3,
        4,
        5,
        6
    ],
    "stylemix_seed": 58491,
    "to_pil": true,
    "trunc_cutoff": 0,
    "trunc_psi": 1,
    "untransform": false,
    "w0_seeds": [
        [
            56,
            1.0
        ]
    ],
    "w_load": null
}