{
    "accepted": false,
    "base_channel": 0,
    "class_idx": 1,
    "exp-confidence": 0.013355761766433716,
    "force_fp32": false,
    "img_normalize": true,
    "img_scale_db": 0,
    "input_transform": null,
    "iteration-count": 101,
    "l2_distance": 2908.79509214928,
    "l2_norm": 3427.921297423841,
    "layer_name": null,
    "mixclass_idx": 4,
    "noise_mode": "const",
    "patch_idxs": null,
    "predicted-class": [
        3
    ],
    "predictions": [
        0.006279462948441505,
        0.013355761766433716,
        0.07715968787670135,
        0.46516913175582886,
        0.06257281452417374,
        0.24385936558246613,
        0.03858211636543274,
        0.044128354638814926,
        0.004260753747075796,
        0.04463249817490578
    ],
    "random_seed": 0,
    "sel_channels": 3,
    "ssi": -0.07103415986231536,
    "stylemix_idx": [
        3,
        4,
        5,
        6
    ],
    "stylemix_seed": 67869,
    "to_pil": true,
    "trunc_cutoff": 0,
    "trunc_psi": 1,
    "untransform": false,
    "w0_seeds": [
        [
            58,
            1.0
        ]
    ],
    "w_load": null
}