{
    "accepted": false,
    "base_channel": 0,
    "class_idx": 1,
    "exp-confidence": 0.2795824408531189,
    "force_fp32": false,
    "img_normalize": true,
    "img_scale_db": 0,
    "input_transform": null,
    "iteration-count": 101,
    "l2_distance": 2028.1029357277775,
    "l2_norm": 4328.73108090169,
    "layer_name": null,
    "mixclass_idx": 9,
    "noise_mode": "const",
    "patch_idxs": null,
    "predicted-class": [
        9
    ],
    "predictions": [
        0.0010371245443820953,
        0.2795824408531189,
        1.7683578334981576e-05,
        1.7613376257941127e-05,
        1.0646295777405612e-05,
        1.7670865418040194e-05,
        7.8446455518133e-06,
        6.807488534832373e-05,
        2.7911724828300066e-05,
        0.7192130088806152
    ],
    "random_seed": 0,
    "sel_channels": 3,
    "ssi": 0.15525416564785902,
    "stylemix_idx": [
        3,
        4,
        5,
        6
    ],
    "stylemix_seed": 68100,
    "to_pil": true,
    "trunc_cutoff": 0,
    "trunc_psi": 1,
    "untransform": false,
    "w0_seeds": [
        [
            2133,
            1.0
        ]
    ],
    "w_load": null
}