{
    "accepted": false,
    "base_channel": 0,
    "class_idx": 9,
    "exp-confidence": 1.7348611436318606e-05,
    "force_fp32": false,
    "img_normalize": true,
    "img_scale_db": 0,
    "input_transform": null,
    "iteration-count": 101,
    "l2_distance": 3108.9938860172115,
    "l2_norm": 4134.776242608201,
    "layer_name": null,
    "mixclass_idx": 5,
    "noise_mode": "const",
    "patch_idxs": null,
    "predicted-class": [
        3
    ],
    "predictions": [
        1.7764901713235304e-05,
        3.839127202809323e-06,
        0.0007606773870065808,
        0.9910584092140198,
        0.002096760319545865,
        0.005602869670838118,
        0.00034428833168931305,
        8.604192407801747e-05,
        1.1921059012820479e-05,
        1.7348611436318606e-05
    ],
    "random_seed": 0,
    "sel_channels": 3,
    "ssi": -0.14085008058767146,
    "stylemix_idx": [
        3,
        4,
        5,
        6
    ],
    "stylemix_seed": 24663,
    "to_pil": true,
    "trunc_cutoff": 0,
    "trunc_psi": 1,
    "untransform": false,
    "w0_seeds": [
        [
            33,
            1.0
        ]
    ],
    "w_load": null
}