{
    "accepted": false,
    "base_channel": 0,
    "class_idx": 0,
    "exp-confidence": 0.06244131922721863,
    "force_fp32": false,
    "img_normalize": true,
    "img_scale_db": 0,
    "input_transform": null,
    "iteration-count": 29,
    "l2_distance": 183.8044816037955,
    "l2_norm": 4939.771178308138,
    "layer_name": null,
    "mixclass_idx": 2,
    "noise_mode": "const",
    "patch_idxs": null,
    "predicted-class": [
        2
    ],
    "predictions": [
        0.06244131922721863,
        4.43288117821794e-05,
        0.936379611492157,
        0.00036371886380948126,
        0.0001558616349939257,
        0.0002886654110625386,
        0.00011637105490081012,
        6.948315422050655e-05,
        0.0001013375585898757,
        3.933049811166711e-05
    ],
    "random_seed": 0,
    "sel_channels": 3,
    "ssi": 0.9769649312558407,
    "stylemix_idx": [
        4
    ],
    "stylemix_seed": 8641,
    "to_pil": true,
    "trunc_cutoff": 0,
    "trunc_psi": 1,
    "untransform": false,
    "w0_seeds": [
        [
            146,
            1.0
        ]
    ],
    "w_load": null
}