{
    "accepted": false,
    "base_channel": 0,
    "class_idx": 4,
    "exp-confidence": 0.1869983971118927,
    "force_fp32": false,
    "img_normalize": true,
    "img_scale_db": 0,
    "input_transform": null,
    "iteration-count": 101,
    "l2_distance": 2961.4716014342093,
    "l2_norm": 3398.8752472479628,
    "layer_name": null,
    "mixclass_idx": 9,
    "noise_mode": "const",
    "patch_idxs": null,
    "predicted-class": [
        7
    ],
    "predictions": [
        0.01418709009885788,
        0.001193522708490491,
        0.07899999618530273,
        0.08764666318893433,
        0.1869983971118927,
        0.010165108367800713,
        0.03873568773269653,
        0.41438403725624084,
        0.0007451542769558728,
        0.16694442927837372
    ],
    "random_seed": 0,
    "sel_channels": 3,
    "ssi": 0.0823169659584115,
    "stylemix_idx": [
        3,
        4,
        5,
        6
    ],
    "stylemix_seed": 89059,
    "to_pil": true,
    "trunc_cutoff": 0,
    "trunc_psi": 1,
    "untransform": false,
    "w0_seeds": [
        [
            91,
            1.0
        ]
    ],
    "w_load": null
}