{
    "accepted": false,
    "base_channel": 0,
    "class_idx": 4,
    "exp-confidence": 0.034783218055963516,
    "force_fp32": false,
    "img_normalize": true,
    "img_scale_db": 0,
    "input_transform": null,
    "iteration-count": 101,
    "l2_distance": 4239.317322425336,
    "l2_norm": 5785.44210852235,
    "layer_name": null,
    "mixclass_idx": 0,
    "noise_mode": "const",
    "patch_idxs": null,
    "predicted-class": [
        0
    ],
    "predictions": [
        0.8223023414611816,
        0.000301999767543748,
        0.09781893342733383,
        0.02572646550834179,
        0.034783218055963516,
        0.005416660103946924,
        0.0004160160606261343,
        0.00950824748724699,
        0.0034101021010428667,
        0.00031603564275428653
    ],
    "random_seed": 0,
    "sel_channels": 3,
    "ssi": -0.17351420286835184,
    "stylemix_idx": [
        3,
        4,
        5,
        6
    ],
    "stylemix_seed": 68500,
    "to_pil": true,
    "trunc_cutoff": 0,
    "trunc_psi": 1,
    "untransform": false,
    "w0_seeds": [
        [
            124,
            1.0
        ]
    ],
    "w_load": null
}