{
    "accepted": false,
    "base_channel": 0,
    "class_idx": 7,
    "exp-confidence": 0.07890976965427399,
    "force_fp32": false,
    "img_normalize": true,
    "img_scale_db": 0,
    "input_transform": null,
    "iteration-count": 101,
    "l2_distance": 2493.040862811933,
    "l2_norm": 2817.599337110472,
    "layer_name": null,
    "mixclass_idx": 8,
    "noise_mode": "const",
    "patch_idxs": null,
    "predicted-class": [
        3
    ],
    "predictions": [
        0.11334515362977982,
        0.001117612118832767,
        0.249102383852005,
        0.35689279437065125,
        0.03366097807884216,
        0.10861498862504959,
        0.01216576062142849,
        0.07890976965427399,
        0.04460636526346207,
        0.0015841599088162184
    ],
    "random_seed": 0,
    "sel_channels": 3,
    "ssi": 0.05948151046624082,
    "stylemix_idx": [
        3,
        4,
        5,
        6
    ],
    "stylemix_seed": 46922,
    "to_pil": true,
    "trunc_cutoff": 0,
    "trunc_psi": 1,
    "untransform": false,
    "w0_seeds": [
        [
            93,
            1.0
        ]
    ],
    "w_load": null
}