{
    "accepted": false,
    "base_channel": 0,
    "class_idx": 4,
    "exp-confidence": 0.0585058331489563,
    "force_fp32": false,
    "img_normalize": true,
    "img_scale_db": 0,
    "input_transform": null,
    "iteration-count": 101,
    "l2_distance": 2532.1461092207433,
    "l2_norm": 3989.5294236571203,
    "layer_name": null,
    "mixclass_idx": 2,
    "noise_mode": "const",
    "patch_idxs": null,
    "predicted-class": [
        2
    ],
    "predictions": [
        3.2324501262337435e-06,
        1.0374144494562643e-06,
        0.9413905739784241,
        4.750492735183798e-06,
        0.0585058331489563,
        4.9635378672974184e-05,
        2.6662122763809748e-05,
        1.686729046923574e-05,
        8.01002954631258e-07,
        5.356841370485199e-07
    ],
    "random_seed": 0,
    "sel_channels": 3,
    "ssi": 0.12000393929705226,
    "stylemix_idx": [
        3,
        4,
        5,
        6
    ],
    "stylemix_seed": 34969,
    "to_pil": true,
    "trunc_cutoff": 0,
    "trunc_psi": 1,
    "untransform": false,
    "w0_seeds": [
        [
            19,
            1.0
        ]
    ],
    "w_load": null
}