{
    "accepted": false,
    "base_channel": 0,
    "class_idx": 2,
    "exp-confidence": 0.25576266646385193,
    "force_fp32": false,
    "img_normalize": true,
    "img_scale_db": 0,
    "input_transform": null,
    "iteration-count": 2,
    "l2_distance": 294.92153358106964,
    "l2_norm": 4025.2532732082136,
    "layer_name": null,
    "mixclass_idx": 4,
    "noise_mode": "const",
    "patch_idxs": null,
    "predicted-class": [
        4
    ],
    "predictions": [
        0.0033520199358463287,
        0.00024573251721449196,
        0.25576266646385193,
        0.01676333323121071,
        0.414855033159256,
        0.09210681170225143,
        0.21579790115356445,
        0.0003997072926722467,
        0.00047232769429683685,
        0.00024451236822642386
    ],
    "random_seed": 0,
    "sel_channels": 3,
    "ssi": 0.9638059731916528,
    "stylemix_idx": [
        6
    ],
    "stylemix_seed": 92604,
    "to_pil": true,
    "trunc_cutoff": 0,
    "trunc_psi": 1,
    "untransform": false,
    "w0_seeds": [
        [
            79,
            1.0
        ]
    ],
    "w_load": null
}