{
    "accepted": false,
    "base_channel": 0,
    "class_idx": 1,
    "exp-confidence": 0.20177654922008514,
    "force_fp32": false,
    "img_normalize": true,
    "img_scale_db": 0,
    "input_transform": null,
    "iteration-count": 101,
    "l2_distance": 3055.1825830122607,
    "l2_norm": 5014.491882192879,
    "layer_name": null,
    "mixclass_idx": 9,
    "noise_mode": "const",
    "patch_idxs": null,
    "predicted-class": [
        9
    ],
    "predictions": [
        4.1437288018641993e-05,
        0.20177654922008514,
        1.7997134591496433e-06,
        1.2699498483925709e-06,
        8.770367116994748e-07,
        3.4420093015796738e-06,
        1.7009793964462006e-06,
        5.574217993853381e-06,
        3.573538560885936e-05,
        0.7981315851211548
    ],
    "random_seed": 0,
    "sel_channels": 3,
    "ssi": 0.04278187724241695,
    "stylemix_idx": [
        3,
        4,
        5,
        6
    ],
    "stylemix_seed": 57909,
    "to_pil": true,
    "trunc_cutoff": 0,
    "trunc_psi": 1,
    "untransform": false,
    "w0_seeds": [
        [
            48,
            1.0
        ]
    ],
    "w_load": null
}