{
    "accepted": false,
    "base_channel": 0,
    "class_idx": 2,
    "exp-confidence": 0.10574348270893097,
    "force_fp32": false,
    "img_normalize": true,
    "img_scale_db": 0,
    "input_transform": null,
    "iteration-count": 101,
    "l2_distance": 2080.481216291075,
    "l2_norm": 5611.264128439273,
    "layer_name": null,
    "mixclass_idx": 9,
    "noise_mode": "const",
    "patch_idxs": null,
    "predicted-class": [
        0
    ],
    "predictions": [
        0.8892070651054382,
        0.0001092238089768216,
        0.10574348270893097,
        0.0021260837092995644,
        0.0005398106295615435,
        0.00015228221309371293,
        0.0001994434860534966,
        0.0012351181358098984,
        0.0002486722369212657,
        0.00043885307968594134
    ],
    "random_seed": 0,
    "sel_channels": 3,
    "ssi": -0.063918136008131,
    "stylemix_idx": [
        3,
        4,
        5,
        6
    ],
    "stylemix_seed": 44458,
    "to_pil": true,
    "trunc_cutoff": 0,
    "trunc_psi": 1,
    "untransform": false,
    "w0_seeds": [
        [
            12,
            1.0
        ]
    ],
    "w_load": null
}