{
    "accepted": false,
    "base_channel": 0,
    "class_idx": 2,
    "exp-confidence": 0.22118574380874634,
    "force_fp32": false,
    "img_normalize": true,
    "img_scale_db": 0,
    "input_transform": null,
    "iteration-count": 9,
    "l2_distance": 313.2764094212011,
    "l2_norm": 5088.7884297321125,
    "layer_name": null,
    "mixclass_idx": 5,
    "noise_mode": "const",
    "patch_idxs": null,
    "predicted-class": [
        5
    ],
    "predictions": [
        0.00013274852244649082,
        1.2735978998534847e-05,
        0.22118574380874634,
        0.002116797724738717,
        0.3693590462207794,
        0.40634050965309143,
        0.00011147130862809718,
        0.0006558471941389143,
        6.816106179030612e-05,
        1.6959609638433903e-05
    ],
    "random_seed": 0,
    "sel_channels": 3,
    "ssi": 0.9651844518362154,
    "stylemix_idx": [
        5
    ],
    "stylemix_seed": 19529,
    "to_pil": true,
    "trunc_cutoff": 0,
    "trunc_psi": 1,
    "untransform": false,
    "w0_seeds": [
        [
            606,
            1.0
        ]
    ],
    "w_load": null
}