{
    "accepted": false,
    "base_channel": 0,
    "class_idx": 7,
    "exp-confidence": 0.2358422428369522,
    "force_fp32": false,
    "img_normalize": true,
    "img_scale_db": 0,
    "input_transform": null,
    "iteration-count": 2,
    "l2_distance": 488.7027655352382,
    "l2_norm": 4236.251412785246,
    "layer_name": null,
    "mixclass_idx": 4,
    "noise_mode": "const",
    "patch_idxs": null,
    "predicted-class": [
        4
    ],
    "predictions": [
        2.2037770577298943e-06,
        8.199655781027104e-07,
        5.1176375563954934e-05,
        2.5873536287690513e-05,
        0.7640093564987183,
        4.014279693365097e-05,
        2.589313589851372e-05,
        0.2358422428369522,
        1.826476022870338e-06,
        5.271369332149334e-07
    ],
    "random_seed": 0,
    "sel_channels": 3,
    "ssi": 0.9677678279054502,
    "stylemix_idx": [
        6
    ],
    "stylemix_seed": 13283,
    "to_pil": true,
    "trunc_cutoff": 0,
    "trunc_psi": 1,
    "untransform": false,
    "w0_seeds": [
        [
            451,
            1.0
        ]
    ],
    "w_load": null
}