{
    "accepted": false,
    "base_channel": 0,
    "class_idx": 4,
    "exp-confidence": 0.014621942304074764,
    "force_fp32": false,
    "img_normalize": true,
    "img_scale_db": 0,
    "input_transform": null,
    "iteration-count": 101,
    "l2_distance": 2668.7287205074595,
    "l2_norm": 3022.658983550965,
    "layer_name": null,
    "mixclass_idx": 6,
    "noise_mode": "const",
    "patch_idxs": null,
    "predicted-class": [
        2
    ],
    "predictions": [
        0.00045971342478878796,
        1.857642928371206e-05,
        0.976771354675293,
        0.0035687722265720367,
        0.014621942304074764,
        0.0013403244083747268,
        0.0022540141362696886,
        0.0003312719927635044,
        0.0005984616000205278,
        3.564574581105262e-05
    ],
    "random_seed": 0,
    "sel_channels": 3,
    "ssi": 0.010578742982838153,
    "stylemix_idx": [
        3,
        4,
        5,
        6
    ],
    "stylemix_seed": 85177,
    "to_pil": true,
    "trunc_cutoff": 0,
    "trunc_psi": 1,
    "untransform": false,
    "w0_seeds": [
        [
            12,
            1.0
        ]
    ],
    "w_load": null
}