{
    "accepted": false,
    "base_channel": 0,
    "class_idx": 6,
    "exp-confidence": 0.0005439219530671835,
    "force_fp32": false,
    "img_normalize": true,
    "img_scale_db": 0,
    "input_transform": null,
    "iteration-count": 101,
    "l2_distance": 2803.7369619992933,
    "l2_norm": 3542.4160856783055,
    "layer_name": null,
    "mixclass_idx": 3,
    "noise_mode": "const",
    "patch_idxs": null,
    "predicted-class": [
        3
    ],
    "predictions": [
        1.837563468143344e-05,
        2.990699158544885e-06,
        0.02337050437927246,
        0.9749594926834106,
        0.0004656690580304712,
        0.0005948845064267516,
        0.0005439219530671835,
        1.934043029905297e-05,
        2.1230838683550246e-05,
        3.558293428795878e-06
    ],
    "random_seed": 0,
    "sel_channels": 3,
    "ssi": -0.14438824411336615,
    "stylemix_idx": [
        3,
        4,
        5,
        6
    ],
    "stylemix_seed": 11386,
    "to_pil": true,
    "trunc_cutoff": 0,
    "trunc_psi": 1,
    "untransform": false,
    "w0_seeds": [
        [
            115,
            1.0
        ]
    ],
    "w_load": null
}