{
    "accepted": false,
    "base_channel": 0,
    "class_idx": 3,
    "exp-confidence": 0.10258840024471283,
    "force_fp32": false,
    "img_normalize": true,
    "img_scale_db": 0,
    "input_transform": null,
    "iteration-count": 101,
    "l2_distance": 3461.618059483565,
    "l2_norm": 3840.4059975683467,
    "layer_name": null,
    "mixclass_idx": 7,
    "noise_mode": "const",
    "patch_idxs": null,
    "predicted-class": [
        5
    ],
    "predictions": [
        0.0015526969218626618,
        1.1207203897356521e-05,
        0.0015293136239051819,
        0.10258840024471283,
        0.009552246890962124,
        0.8816452622413635,
        0.0018152919365093112,
        0.0011413977481424809,
        1.878685361589305e-05,
        0.00014534637739416212
    ],
    "random_seed": 0,
    "sel_channels": 3,
    "ssi": -0.0667518197191772,
    "stylemix_idx": [
        3,
        4,
        5,
        6
    ],
    "stylemix_seed": 43501,
    "to_pil": true,
    "trunc_cutoff": 0,
    "trunc_psi": 1,
    "untransform": false,
    "w0_seeds": [
        [
            181,
            1.0
        ]
    ],
    "w_load": null
}