{
    "accepted": false,
    "base_channel": 0,
    "class_idx": 9,
    "exp-confidence": 0.32748597860336304,
    "force_fp32": false,
    "img_normalize": true,
    "img_scale_db": 0,
    "input_transform": null,
    "iteration-count": 101,
    "l2_distance": 2757.624826511821,
    "l2_norm": 3443.20391954984,
    "layer_name": null,
    "mixclass_idx": 1,
    "noise_mode": "const",
    "patch_idxs": null,
    "predicted-class": [
        1
    ],
    "predictions": [
        0.00014256061695050448,
        0.672279417514801,
        5.093488653074019e-06,
        6.526430752273882e-06,
        6.1766677390551195e-06,
        7.242705123644555e-06,
        3.207971531082876e-06,
        1.1037835975002963e-05,
        5.2755985961994156e-05,
        0.32748597860336304
    ],
    "random_seed": 0,
    "sel_channels": 3,
    "ssi": 0.19646902579694853,
    "stylemix_idx": [
        3,
        4,
        5,
        6
    ],
    "stylemix_seed": 64874,
    "to_pil": true,
    "trunc_cutoff": 0,
    "trunc_psi": 1,
    "untransform": false,
    "w0_seeds": [
        [
            784,
            1.0
        ]
    ],
    "w_load": null
}