{
    "accepted": false,
    "base_channel": 0,
    "class_idx": 9,
    "exp-confidence": 0.0002329916605958715,
    "force_fp32": false,
    "img_normalize": true,
    "img_scale_db": 0,
    "input_transform": null,
    "iteration-count": 101,
    "l2_distance": 2341.3281260219446,
    "l2_norm": 3870.9912701143576,
    "layer_name": null,
    "mixclass_idx": 5,
    "noise_mode": "const",
    "patch_idxs": null,
    "predicted-class": [
        3
    ],
    "predictions": [
        0.0006711132591590285,
        0.00015794574574101716,
        0.05719674751162529,
        0.7332912087440491,
        0.0020374038722366095,
        0.20347696542739868,
        0.0024997382424771786,
        0.00020905982819385827,
        0.00022678691311739385,
        0.0002329916605958715
    ],
    "random_seed": 0,
    "sel_channels": 3,
    "ssi": -0.03152890487351581,
    "stylemix_idx": [
        3,
        4,
        5,
        6
    ],
    "stylemix_seed": 43537,
    "to_pil": true,
    "trunc_cutoff": 0,
    "trunc_psi": 1,
    "untransform": false,
    "w0_seeds": [
        [
            2,
            1.0
        ]
    ],
    "w_load": null
}