{
    "accepted": false,
    "base_channel": 0,
    "class_idx": 8,
    "exp-confidence": 0.3517535328865051,
    "force_fp32": false,
    "img_normalize": true,
    "img_scale_db": 0,
    "input_transform": null,
    "iteration-count": 101,
    "l2_distance": 3163.967965366713,
    "l2_norm": 3839.396091048368,
    "layer_name": null,
    "mixclass_idx": 2,
    "noise_mode": "const",
    "patch_idxs": null,
    "predicted-class": [
        1
    ],
    "predictions": [
        0.00375457014888525,
        0.6409639120101929,
        0.0025416312273591757,
        2.095086529152468e-05,
        0.00014589012425858527,
        2.5430796085856855e-05,
        3.8023903471184894e-05,
        9.401672286912799e-06,
        0.3517535328865051,
        0.0007466436945833266
    ],
    "random_seed": 0,
    "sel_channels": 3,
    "ssi": -0.0714361051705131,
    "stylemix_idx": [
        3,
        4,
        5,
        6
    ],
    "stylemix_seed": 11053,
    "to_pil": true,
    "trunc_cutoff": 0,
    "trunc_psi": 1,
    "untransform": false,
    "w0_seeds": [
        [
            60,
            1.0
        ]
    ],
    "w_load": null
}