{
    "accepted": false,
    "base_channel": 0,
    "class_idx": 1,
    "exp-confidence": 1.4075740182306617e-05,
    "force_fp32": false,
    "img_normalize": true,
    "img_scale_db": 0,
    "input_transform": null,
    "iteration-count": 101,
    "l2_distance": 2514.8703384398586,
    "l2_norm": 4557.141908414536,
    "layer_name": null,
    "mixclass_idx": 2,
    "noise_mode": "const",
    "patch_idxs": null,
    "predicted-class": [
        6
    ],
    "predictions": [
        0.0005405244883149862,
        1.4075740182306617e-05,
        0.021888500079512596,
        0.0329621359705925,
        0.009514650329947472,
        0.05504773557186127,
        0.8797751069068909,
        0.00011392411397537217,
        7.134813495213166e-05,
        7.195581565611064e-05
    ],
    "random_seed": 0,
    "sel_channels": 3,
    "ssi": -0.06922872205632274,
    "stylemix_idx": [
        3,
        4,
        5,
        6
    ],
    "stylemix_seed": 54605,
    "to_pil": true,
    "trunc_cutoff": 0,
    "trunc_psi": 1,
    "untransform": false,
    "w0_seeds": [
        [
            48,
            1.0
        ]
    ],
    "w_load": null
}