{
    "accepted": false,
    "base_channel": 0,
    "class_idx": 6,
    "exp-confidence": 0.17850172519683838,
    "force_fp32": false,
    "img_normalize": true,
    "img_scale_db": 0,
    "input_transform": null,
    "iteration-count": 1,
    "l2_distance": 331.4519971851278,
    "l2_norm": 2849.099648979068,
    "layer_name": null,
    "mixclass_idx": 3,
    "noise_mode": "const",
    "patch_idxs": null,
    "predicted-class": [
        3
    ],
    "predictions": [
        9.141613190877251e-06,
        5.62031482331804e-06,
        0.00016596722707618028,
        0.8155512809753418,
        0.00010398005542811006,
        0.005604982376098633,
        0.17850172519683838,
        2.7786816644947976e-05,
        2.1055717297713272e-05,
        8.407011591771152e-06
    ],
    "random_seed": 0,
    "sel_channels": 3,
    "ssi": 0.9617231869211499,
    "stylemix_idx": [
        6
    ],
    "stylemix_seed": 64939,
    "to_pil": true,
    "trunc_cutoff": 0,
    "trunc_psi": 1,
    "untransform": false,
    "w0_seeds": [
        [
            226,
            1.0
        ]
    ],
    "w_load": null
}