{
    "accepted": false,
    "base_channel": 0,
    "class_idx": 3,
    "exp-confidence": 0.14030279219150543,
    "force_fp32": false,
    "img_normalize": true,
    "img_scale_db": 0,
    "input_transform": null,
    "iteration-count": 101,
    "l2_distance": 3362.060142352318,
    "l2_norm": 5539.46733895326,
    "layer_name": null,
    "mixclass_idx": 0,
    "noise_mode": "const",
    "patch_idxs": null,
    "predicted-class": [
        5
    ],
    "predictions": [
        0.12106245756149292,
        0.0002610067022033036,
        0.16116267442703247,
        0.14030279219150543,
        0.03039015643298626,
        0.521851658821106,
        0.003109741723164916,
        0.013232314959168434,
        0.001869619358330965,
        0.006757558789104223
    ],
    "random_seed": 0,
    "sel_channels": 3,
    "ssi": -0.09551565314425872,
    "stylemix_idx": [
        3,
        4,
        5,
        6
    ],
    "stylemix_seed": 60659,
    "to_pil": true,
    "trunc_cutoff": 0,
    "trunc_psi": 1,
    "untransform": false,
    "w0_seeds": [
        [
            136,
            1.0
        ]
    ],
    "w_load": null
}