{
    "accepted": false,
    "base_channel": 0,
    "class_idx": 9,
    "exp-confidence": 0.107452891767025,
    "force_fp32": false,
    "img_normalize": true,
    "img_scale_db": 0,
    "input_transform": null,
    "iteration-count": 101,
    "l2_distance": 3582.716292287027,
    "l2_norm": 3302.1052433345544,
    "layer_name": null,
    "mixclass_idx": 3,
    "noise_mode": "const",
    "patch_idxs": null,
    "predicted-class": [
        1
    ],
    "predictions": [
        0.01608962006866932,
        0.3716714084148407,
        0.136699840426445,
        0.22506749629974365,
        0.0015093478141352534,
        0.08531656116247177,
        0.002789363730698824,
        0.049617700278759,
        0.0037857857532799244,
        0.107452891767025
    ],
    "random_seed": 0,
    "sel_channels": 3,
    "ssi": 0.14020368262047922,
    "stylemix_idx": [
        3,
        4,
        5,
        6
    ],
    "stylemix_seed": 36707,
    "to_pil": true,
    "trunc_cutoff": 0,
    "trunc_psi": 1,
    "untransform": false,
    "w0_seeds": [
        [
            12,
            1.0
        ]
    ],
    "w_load": null
}