{
    "accepted": false,
    "base_channel": 0,
    "class_idx": 8,
    "exp-confidence": 0.0001870523119578138,
    "force_fp32": false,
    "img_normalize": true,
    "img_scale_db": 0,
    "input_transform": null,
    "iteration-count": 101,
    "l2_distance": 3264.1558805742825,
    "l2_norm": 4156.677033329236,
    "layer_name": null,
    "mixclass_idx": 1,
    "noise_mode": "const",
    "patch_idxs": null,
    "predicted-class": [
        1
    ],
    "predictions": [
        0.00023469403095077723,
        0.9984442591667175,
        3.7951675039948896e-05,
        1.838095522543881e-05,
        0.0003693655307870358,
        8.913083547668066e-06,
        1.4338288565340918e-05,
        5.933346074016299e-06,
        0.0001870523119578138,
        0.0006791449850425124
    ],
    "random_seed": 0,
    "sel_channels": 3,
    "ssi": -0.059775717937772366,
    "stylemix_idx": [
        3,
        4,
        5,
        6
    ],
    "stylemix_seed": 1893,
    "to_pil": true,
    "trunc_cutoff": 0,
    "trunc_psi": 1,
    "untransform": false,
    "w0_seeds": [
        [
            349,
            1.0
        ]
    ],
    "w_load": null
}