{
    "accepted": false,
    "base_channel": 0,
    "class_idx": 4,
    "exp-confidence": 0.11566205322742462,
    "force_fp32": false,
    "img_normalize": true,
    "img_scale_db": 0,
    "input_transform": null,
    "iteration-count": 101,
    "l2_distance": 2736.9713713592896,
    "l2_norm": 3021.4651224437225,
    "layer_name": null,
    "mixclass_idx": 8,
    "noise_mode": "const",
    "patch_idxs": null,
    "predicted-class": [
        3
    ],
    "predictions": [
        0.00050032400758937,
        3.3502921723993495e-05,
        0.02436327002942562,
        0.8531659245491028,
        0.11566205322742462,
        0.0011586230248212814,
        0.004465801641345024,
        0.0001913905143737793,
        0.000417046423535794,
        4.205358709441498e-05
    ],
    "random_seed": 0,
    "sel_channels": 3,
    "ssi": -0.18232369687142824,
    "stylemix_idx": [
        3,
        4,
        5,
        6
    ],
    "stylemix_seed": 1948,
    "to_pil": true,
    "trunc_cutoff": 0,
    "trunc_psi": 1,
    "untransform": false,
    "w0_seeds": [
        [
            12,
            1.0
        ]
    ],
    "w_load": null
}