{
    "accepted": false,
    "base_channel": 0,
    "class_idx": 3,
    "exp-confidence": 0.01030291523784399,
    "force_fp32": false,
    "img_normalize": true,
    "img_scale_db": 0,
    "input_transform": null,
    "iteration-count": 101,
    "l2_distance": 3688.799704810778,
    "l2_norm": 5283.072922556211,
    "layer_name": null,
    "mixclass_idx": 9,
    "noise_mode": "const",
    "patch_idxs": null,
    "predicted-class": [
        5
    ],
    "predictions": [
        5.754406447522342e-05,
        6.191060947458027e-06,
        0.004135999362915754,
        0.01030291523784399,
        0.00022546543914359063,
        0.9841724634170532,
        0.00012296278146095574,
        0.0002134285168722272,
        6.65901734464569e-06,
        0.000756428053136915
    ],
    "random_seed": 0,
    "sel_channels": 3,
    "ssi": 0.04637805807297281,
    "stylemix_idx": [
        3,
        4,
        5,
        6
    ],
    "stylemix_seed": 45833,
    "to_pil": true,
    "trunc_cutoff": 0,
    "trunc_psi": 1,
    "untransform": false,
    "w0_seeds": [
        [
            156,
            1.0
        ]
    ],
    "w_load": null
}