{
    "accepted": false,
    "base_channel": 0,
    "class_idx": 5,
    "exp-confidence": 0.04462435841560364,
    "force_fp32": false,
    "img_normalize": true,
    "img_scale_db": 0,
    "input_transform": null,
    "iteration-count": 101,
    "l2_distance": 4244.367938542544,
    "l2_norm": 6337.575143718936,
    "layer_name": null,
    "mixclass_idx": 3,
    "noise_mode": "const",
    "patch_idxs": null,
    "predicted-class": [
        3
    ],
    "predictions": [
        0.00037623458774760365,
        0.00015740715025458485,
        0.25131821632385254,
        0.6989472508430481,
        0.0012323898263275623,
        0.04462435841560364,
        0.001598525675944984,
        5.6421489716740325e-05,
        0.0014468641020357609,
        0.00024236006720457226
    ],
    "random_seed": 0,
    "sel_channels": 3,
    "ssi": -0.1456160364554052,
    "stylemix_idx": [
        3,
        4,
        5,
        6
    ],
    "stylemix_seed": 10977,
    "to_pil": true,
    "trunc_cutoff": 0,
    "trunc_psi": 1,
    "untransform": false,
    "w0_seeds": [
        [
            42,
            1.0
        ]
    ],
    "w_load": null
}