{
    "accepted": false,
    "base_channel": 0,
    "class_idx": 5,
    "exp-confidence": 0.21966202557086945,
    "force_fp32": false,
    "img_normalize": true,
    "img_scale_db": 0,
    "input_transform": null,
    "iteration-count": 101,
    "l2_distance": 3093.059497666513,
    "l2_norm": 4720.736135617511,
    "layer_name": null,
    "mixclass_idx": 5,
    "noise_mode": "const",
    "patch_idxs": null,
    "predicted-class": [
        3
    ],
    "predictions": [
        3.9976021071197465e-05,
        2.9857368645025417e-05,
        0.002020731568336487,
        0.7748113870620728,
        0.00018933384853880852,
        0.21966202557086945,
        0.003022689837962389,
        9.45303836488165e-05,
        3.2531595934415236e-05,
        9.699117072159424e-05
    ],
    "random_seed": 0,
    "sel_channels": 3,
    "ssi": -0.22551428682594252,
    "stylemix_idx": [
        3,
        4,
        5,
        6
    ],
    "stylemix_seed": 13807,
    "to_pil": true,
    "trunc_cutoff": 0,
    "trunc_psi": 1,
    "untransform": false,
    "w0_seeds": [
        [
            2,
            1.0
        ]
    ],
    "w_load": null
}